storeid,productid
1,Doctor Bird's
1,Squeaky Clean
1,Freezy Freeze
1,Grain Train
1,Munchie Mash
1,Dole
1,Cover Up
1,Deli Emporium
1,Meat and Stuff
1,Clout Drinks
1,Fries Frozen Foods
1,Dairy Time
1,Fresh Stuff
1,ACME
1,Elmer Inc
1,Snack Me Up
1,Carboload
1,Marty's Meds
1,Atlantis Beverage
1,Scootie's Cleaning
1,Classified Cosmetics
2,Munchie Mash
2,Dairy Things
2,Dairy Time
2,Cover Up
2,Meat and Stuff
2,Doctor Bird's
2,Squeaky Clean
2,ACME
2,Snack Me Up
2,Carboload
2,Scootie's Cleaning
2,Fries Frozen Foods
2,Freezy Freeze
2,Clout Drinks
2,Marty's Meds
2,Atlantis Beverage
2,Fresh Stuff
2,Deli Emporium
2,Grain Train
3,Cover Up
3,Carboload
3,Grain Train
3,Elmer Inc
3,Dairy Time
3,Snack Me Up
3,ACME
3,Classified Cosmetics
3,Dole
3,Freezy Freeze
3,Scootie's Cleaning
3,Meat and Stuff
3,Marty's Meds
3,Clout Drinks
3,Dairy Things
4,Clout Drinks
4,Cover Up
4,Carboload
4,Fresh Stuff
4,Grain Train
4,Scootie's Cleaning
4,Dole
4,Freezy Freeze
4,ACME
4,Dairy Time
4,Elmer Inc
4,Classified Cosmetics
4,Snack Me Up
4,Munchie Mash
4,Dairy Things
4,Doctor Bird's
4,Deli Emporium
4,Fries Frozen Foods
4,Atlantis Beverage
4,Marty's Meds
4,Squeaky Clean
5,Fries Frozen Foods
5,Classified Cosmetics
5,Carboload
5,Marty's Meds
5,Fresh Stuff
5,Cover Up
5,Meat and Stuff
5,Deli Emporium
5,Clout Drinks
5,Dole
5,Dairy Time
5,ACME
5,Freezy Freeze
5,Squeaky Clean
5,Munchie Mash
5,Grain Train
5,Dairy Things
5,Doctor Bird's
5,Elmer Inc
5,Snack Me Up
5,Atlantis Beverage
5,Scootie's Cleaning
6,Doctor Bird's
6,Scootie's Cleaning
6,Meat and Stuff
6,Dole
6,Dairy Things
6,Fries Frozen Foods
6,Dairy Time
6,Marty's Meds
6,Grain Train
6,ACME
6,Carboload
6,Munchie Mash
6,Fresh Stuff
6,Clout Drinks
6,Squeaky Clean
6,Freezy Freeze
6,Deli Emporium
7,Squeaky Clean
7,Classified Cosmetics
7,Grain Train
7,Fresh Stuff
7,Cover Up
7,Dairy Time
7,Fries Frozen Foods
7,Clout Drinks
7,Elmer Inc
7,Doctor Bird's
7,Freezy Freeze
7,Dole
7,Deli Emporium
7,Scootie's Cleaning
7,Munchie Mash
8,Fresh Stuff
8,Cover Up
8,Clout Drinks
8,Grain Train
8,Snack Me Up
8,Dairy Things
8,ACME
8,Elmer Inc
8,Freezy Freeze
8,Dairy Time
8,Deli Emporium
8,Doctor Bird's
8,Dole
8,Classified Cosmetics
8,Scootie's Cleaning
8,Munchie Mash
8,Atlantis Beverage
8,Meat and Stuff
8,Fries Frozen Foods
8,Squeaky Clean
8,Marty's Meds
9,Fries Frozen Foods
9,Deli Emporium
9,Dairy Time
9,Fresh Stuff
9,Doctor Bird's
9,Cover Up
9,Snack Me Up
9,Marty's Meds
9,Scootie's Cleaning
9,Dole
9,Meat and Stuff
9,ACME
9,Dairy Things
9,Classified Cosmetics
9,Grain Train
9,Carboload
9,Freezy Freeze
10,Atlantis Beverage
10,Deli Emporium
10,Doctor Bird's
10,Snack Me Up
10,ACME
10,Cover Up
10,Dairy Things
10,Scootie's Cleaning
10,Dairy Time
10,Classified Cosmetics
10,Munchie Mash
10,Carboload
10,Dole
10,Freezy Freeze
10,Fries Frozen Foods
10,Meat and Stuff
10,Fresh Stuff
10,Grain Train
10,Squeaky Clean
10,Clout Drinks
10,Elmer Inc
10,Marty's Meds
11,Fries Frozen Foods
11,Cover Up
11,Classified Cosmetics
11,Doctor Bird's
11,Dairy Things
11,Freezy Freeze
11,Munchie Mash
11,ACME
11,Fresh Stuff
11,Dairy Time
11,Snack Me Up
11,Elmer Inc
11,Atlantis Beverage
11,Dole
11,Carboload
11,Scootie's Cleaning
11,Squeaky Clean
11,Clout Drinks
11,Marty's Meds
11,Grain Train
11,Deli Emporium
12,Doctor Bird's
12,Dole
12,Classified Cosmetics
12,Meat and Stuff
12,Marty's Meds
12,Squeaky Clean
12,ACME
12,Cover Up
12,Clout Drinks
12,Fries Frozen Foods
12,Fresh Stuff
12,Deli Emporium
12,Elmer Inc
12,Scootie's Cleaning
12,Dairy Things
12,Snack Me Up
12,Carboload
12,Grain Train
12,Freezy Freeze
12,Dairy Time
13,Deli Emporium
13,Dairy Time
13,Snack Me Up
13,Meat and Stuff
13,Fries Frozen Foods
13,Marty's Meds
13,Freezy Freeze
13,Doctor Bird's
13,Scootie's Cleaning
13,Squeaky Clean
13,Dairy Things
13,Cover Up
13,ACME
13,Munchie Mash
13,Carboload
13,Grain Train
13,Elmer Inc
13,Dole
13,Atlantis Beverage
13,Classified Cosmetics
13,Fresh Stuff
13,Clout Drinks
14,Fries Frozen Foods
14,Dairy Time
14,Elmer Inc
14,Carboload
14,Freezy Freeze
14,Doctor Bird's
14,Dole
14,Snack Me Up
14,Meat and Stuff
14,Grain Train
14,ACME
14,Marty's Meds
14,Squeaky Clean
14,Atlantis Beverage
14,Scootie's Cleaning
14,Fresh Stuff
14,Munchie Mash
14,Classified Cosmetics
14,Clout Drinks
14,Dairy Things
14,Deli Emporium
15,Dole
15,Dairy Things
15,Fresh Stuff
15,Meat and Stuff
15,Grain Train
15,Doctor Bird's
15,Marty's Meds
15,Fries Frozen Foods
15,Cover Up
15,ACME
15,Elmer Inc
15,Clout Drinks
15,Scootie's Cleaning
15,Atlantis Beverage
15,Classified Cosmetics
15,Squeaky Clean
16,Scootie's Cleaning
16,Snack Me Up
16,Fresh Stuff
16,Fries Frozen Foods
16,Deli Emporium
16,Freezy Freeze
16,Classified Cosmetics
16,ACME
16,Dairy Things
16,Atlantis Beverage
16,Marty's Meds
16,Munchie Mash
16,Carboload
16,Dole
16,Clout Drinks
16,Doctor Bird's
16,Grain Train
16,Cover Up
16,Elmer Inc
17,Elmer Inc
17,Dairy Time
17,Snack Me Up
17,ACME
17,Dole
17,Squeaky Clean
17,Marty's Meds
17,Fries Frozen Foods
17,Carboload
17,Cover Up
17,Meat and Stuff
17,Grain Train
17,Freezy Freeze
17,Atlantis Beverage
17,Munchie Mash
18,Clout Drinks
18,Atlantis Beverage
18,Freezy Freeze
18,Dole
18,Doctor Bird's
18,Munchie Mash
18,Carboload
18,Marty's Meds
18,Dairy Time
18,Elmer Inc
18,Grain Train
18,Deli Emporium
18,Fries Frozen Foods
18,Classified Cosmetics
18,Scootie's Cleaning
18,Squeaky Clean
18,Cover Up
18,Meat and Stuff
18,Snack Me Up
18,Dairy Things
18,ACME
19,Dairy Things
19,Freezy Freeze
19,Squeaky Clean
19,Dairy Time
19,Fries Frozen Foods
19,Doctor Bird's
19,Dole
19,Fresh Stuff
19,Grain Train
19,Clout Drinks
19,Deli Emporium
19,Munchie Mash
19,Scootie's Cleaning
19,Snack Me Up
19,Marty's Meds
19,Meat and Stuff
19,ACME
20,Cover Up
20,Fries Frozen Foods
20,Dairy Time
20,Scootie's Cleaning
20,Elmer Inc
20,Meat and Stuff
20,Fresh Stuff
20,Dairy Things
20,Munchie Mash
20,Grain Train
20,Classified Cosmetics
20,Snack Me Up
20,ACME
20,Carboload
20,Deli Emporium
20,Marty's Meds
20,Doctor Bird's
20,Squeaky Clean
20,Clout Drinks
20,Dole
21,Dairy Time
21,Doctor Bird's
21,Fries Frozen Foods
21,Snack Me Up
21,Scootie's Cleaning
21,Meat and Stuff
21,Munchie Mash
21,Squeaky Clean
21,Fresh Stuff
21,Marty's Meds
21,Dairy Things
21,Classified Cosmetics
21,Grain Train
21,Clout Drinks
21,Deli Emporium
21,Atlantis Beverage
21,Elmer Inc
22,Doctor Bird's
22,Carboload
22,Fresh Stuff
22,Fries Frozen Foods
22,Scootie's Cleaning
22,ACME
22,Classified Cosmetics
22,Dairy Things
22,Snack Me Up
22,Cover Up
22,Elmer Inc
22,Freezy Freeze
22,Squeaky Clean
22,Meat and Stuff
22,Atlantis Beverage
22,Deli Emporium
22,Dole
22,Grain Train
22,Clout Drinks
22,Munchie Mash
22,Dairy Time
22,Marty's Meds
23,Dairy Time
23,Classified Cosmetics
23,Carboload
23,Dairy Things
23,Munchie Mash
23,Deli Emporium
23,Marty's Meds
23,Doctor Bird's
23,Atlantis Beverage
23,Squeaky Clean
23,Fries Frozen Foods
23,Meat and Stuff
23,Scootie's Cleaning
23,Fresh Stuff
23,Elmer Inc
23,Grain Train
23,Clout Drinks
23,Snack Me Up
23,ACME
24,Munchie Mash
24,Freezy Freeze
24,Deli Emporium
24,Marty's Meds
24,Elmer Inc
24,Clout Drinks
24,Dairy Time
24,Atlantis Beverage
24,Dairy Things
24,Meat and Stuff
24,Fresh Stuff
24,Scootie's Cleaning
24,Snack Me Up
24,Cover Up
24,Dole
24,Squeaky Clean
25,Clout Drinks
25,Cover Up
25,ACME
25,Munchie Mash
25,Dairy Things
25,Elmer Inc
25,Marty's Meds
25,Classified Cosmetics
25,Squeaky Clean
25,Dairy Time
25,Freezy Freeze
25,Doctor Bird's
25,Deli Emporium
25,Meat and Stuff
25,Fries Frozen Foods
25,Snack Me Up
25,Scootie's Cleaning
26,Freezy Freeze
26,Fries Frozen Foods
26,Munchie Mash
26,ACME
26,Classified Cosmetics
26,Meat and Stuff
26,Cover Up
26,Squeaky Clean
26,Scootie's Cleaning
26,Snack Me Up
26,Atlantis Beverage
26,Carboload
26,Fresh Stuff
26,Elmer Inc
26,Doctor Bird's
26,Dole
26,Deli Emporium
26,Marty's Meds
26,Dairy Time
26,Clout Drinks
27,Marty's Meds
27,Freezy Freeze
27,Classified Cosmetics
27,Fresh Stuff
27,Munchie Mash
27,Elmer Inc
27,Meat and Stuff
27,Scootie's Cleaning
27,Carboload
27,ACME
27,Dairy Time
27,Squeaky Clean
27,Grain Train
27,Fries Frozen Foods
27,Deli Emporium
27,Atlantis Beverage
28,Cover Up
28,Dole
28,Meat and Stuff
28,Marty's Meds
28,Dairy Things
28,Snack Me Up
28,Munchie Mash
28,Carboload
28,Doctor Bird's
28,Elmer Inc
28,Grain Train
28,Scootie's Cleaning
28,Classified Cosmetics
28,Deli Emporium
28,Clout Drinks
28,ACME
28,Squeaky Clean
28,Dairy Time
28,Fries Frozen Foods
29,Deli Emporium
29,Atlantis Beverage
29,Scootie's Cleaning
29,Snack Me Up
29,Meat and Stuff
29,Elmer Inc
29,Marty's Meds
29,Carboload
29,ACME
29,Munchie Mash
29,Fries Frozen Foods
29,Fresh Stuff
29,Squeaky Clean
29,Grain Train
29,Dole
29,Clout Drinks
29,Doctor Bird's
29,Freezy Freeze
29,Cover Up
29,Dairy Things
30,Grain Train
30,Classified Cosmetics
30,Carboload
30,Elmer Inc
30,Squeaky Clean
30,Deli Emporium
30,Dole
30,Fresh Stuff
30,ACME
30,Munchie Mash
30,Doctor Bird's
30,Dairy Things
30,Freezy Freeze
30,Marty's Meds
30,Atlantis Beverage
30,Scootie's Cleaning
30,Clout Drinks
31,Meat and Stuff
31,Dairy Things
31,Munchie Mash
31,Dole
31,Atlantis Beverage
31,Clout Drinks
31,Carboload
31,Scootie's Cleaning
31,Doctor Bird's
31,Classified Cosmetics
31,Marty's Meds
31,Fresh Stuff
31,Grain Train
31,Squeaky Clean
31,Snack Me Up
32,Clout Drinks
32,Squeaky Clean
32,Grain Train
32,Atlantis Beverage
32,Dole
32,Fresh Stuff
32,Meat and Stuff
32,Dairy Time
32,Fries Frozen Foods
32,Dairy Things
32,Scootie's Cleaning
32,ACME
32,Snack Me Up
32,Doctor Bird's
32,Deli Emporium
32,Classified Cosmetics
32,Carboload
32,Elmer Inc
32,Munchie Mash
32,Cover Up
33,Fries Frozen Foods
33,Munchie Mash
33,Doctor Bird's
33,Snack Me Up
33,Fresh Stuff
33,Grain Train
33,Atlantis Beverage
33,Freezy Freeze
33,Squeaky Clean
33,Dole
33,Deli Emporium
33,Classified Cosmetics
33,Dairy Time
33,Elmer Inc
33,Scootie's Cleaning
33,Marty's Meds
33,Clout Drinks
33,Meat and Stuff
33,Dairy Things
33,Carboload
33,ACME
33,Cover Up
34,Fresh Stuff
34,Doctor Bird's
34,Meat and Stuff
34,Marty's Meds
34,Squeaky Clean
34,Freezy Freeze
34,Grain Train
34,Cover Up
34,Carboload
34,Clout Drinks
34,Dole
34,Snack Me Up
34,Classified Cosmetics
34,ACME
34,Scootie's Cleaning
34,Dairy Things
34,Elmer Inc
34,Deli Emporium
34,Fries Frozen Foods
34,Atlantis Beverage
34,Dairy Time
34,Munchie Mash
35,Cover Up
35,Grain Train
35,Marty's Meds
35,Doctor Bird's
35,Clout Drinks
35,Meat and Stuff
35,Scootie's Cleaning
35,Carboload
35,Freezy Freeze
35,Dairy Time
35,Classified Cosmetics
35,Squeaky Clean
35,Snack Me Up
35,Dole
35,Munchie Mash
35,Fries Frozen Foods
35,Elmer Inc
35,Fresh Stuff
35,Deli Emporium
35,ACME
36,Fresh Stuff
36,Dole
36,Scootie's Cleaning
36,Dairy Things
36,Fries Frozen Foods
36,Deli Emporium
36,Carboload
36,Marty's Meds
36,Dairy Time
36,Grain Train
36,Squeaky Clean
36,Atlantis Beverage
36,Doctor Bird's
36,Snack Me Up
36,Freezy Freeze
36,Cover Up
36,Elmer Inc
36,Classified Cosmetics
37,Grain Train
37,Snack Me Up
37,ACME
37,Meat and Stuff
37,Dairy Time
37,Atlantis Beverage
37,Freezy Freeze
37,Dole
37,Clout Drinks
37,Doctor Bird's
37,Marty's Meds
37,Squeaky Clean
37,Elmer Inc
37,Scootie's Cleaning
37,Munchie Mash
37,Carboload
37,Dairy Things
37,Cover Up
37,Fries Frozen Foods
37,Deli Emporium
38,Grain Train
38,Dole
38,ACME
38,Marty's Meds
38,Fresh Stuff
38,Atlantis Beverage
38,Meat and Stuff
38,Carboload
38,Snack Me Up
38,Classified Cosmetics
38,Munchie Mash
38,Deli Emporium
38,Clout Drinks
38,Fries Frozen Foods
38,Doctor Bird's
38,Dairy Things
38,Freezy Freeze
38,Elmer Inc
38,Scootie's Cleaning
38,Dairy Time
38,Squeaky Clean
39,Carboload
39,Fresh Stuff
39,Doctor Bird's
39,Squeaky Clean
39,Cover Up
39,Clout Drinks
39,Scootie's Cleaning
39,Marty's Meds
39,Fries Frozen Foods
39,Munchie Mash
39,Snack Me Up
39,Dairy Things
39,Deli Emporium
39,Meat and Stuff
39,ACME
39,Grain Train
39,Atlantis Beverage
39,Dole
39,Dairy Time
39,Elmer Inc
39,Classified Cosmetics
40,Dairy Time
40,Fresh Stuff
40,Grain Train
40,Meat and Stuff
40,Clout Drinks
40,Doctor Bird's
40,Dole
40,ACME
40,Atlantis Beverage
40,Classified Cosmetics
40,Carboload
40,Scootie's Cleaning
40,Snack Me Up
40,Munchie Mash
40,Squeaky Clean
40,Deli Emporium
40,Dairy Things
40,Elmer Inc
40,Fries Frozen Foods
41,Fresh Stuff
41,Dairy Things
41,Classified Cosmetics
41,Clout Drinks
41,Deli Emporium
41,Dairy Time
41,Doctor Bird's
41,Dole
41,Carboload
41,Elmer Inc
41,Munchie Mash
41,Grain Train
41,Freezy Freeze
41,Meat and Stuff
41,Marty's Meds
42,Meat and Stuff
42,Atlantis Beverage
42,Cover Up
42,Doctor Bird's
42,Deli Emporium
42,Dairy Things
42,Elmer Inc
42,Dairy Time
42,Munchie Mash
42,Squeaky Clean
42,Marty's Meds
42,Fresh Stuff
42,Carboload
42,Scootie's Cleaning
42,Classified Cosmetics
42,Fries Frozen Foods
42,Freezy Freeze
42,Snack Me Up
43,Fresh Stuff
43,Elmer Inc
43,Cover Up
43,Squeaky Clean
43,Snack Me Up
43,Dole
43,Deli Emporium
43,Scootie's Cleaning
43,Munchie Mash
43,Doctor Bird's
43,Atlantis Beverage
43,Fries Frozen Foods
43,Grain Train
43,Dairy Things
43,ACME
43,Carboload
43,Marty's Meds
43,Dairy Time
43,Freezy Freeze
43,Classified Cosmetics
43,Meat and Stuff
43,Clout Drinks
44,Clout Drinks
44,Marty's Meds
44,Fresh Stuff
44,ACME
44,Atlantis Beverage
44,Munchie Mash
44,Carboload
44,Freezy Freeze
44,Dairy Time
44,Dole
44,Meat and Stuff
44,Classified Cosmetics
44,Deli Emporium
44,Dairy Things
44,Squeaky Clean
44,Doctor Bird's
44,Elmer Inc
45,Scootie's Cleaning
45,Elmer Inc
45,Dole
45,Freezy Freeze
45,Atlantis Beverage
45,Fresh Stuff
45,Dairy Time
45,Doctor Bird's
45,ACME
45,Munchie Mash
45,Cover Up
45,Clout Drinks
45,Meat and Stuff
45,Carboload
45,Dairy Things
45,Classified Cosmetics
45,Snack Me Up
45,Deli Emporium
45,Squeaky Clean
45,Grain Train
45,Fries Frozen Foods
46,Dairy Time
46,Cover Up
46,Dole
46,Freezy Freeze
46,Fresh Stuff
46,Marty's Meds
46,Munchie Mash
46,Meat and Stuff
46,Fries Frozen Foods
46,Atlantis Beverage
46,Dairy Things
46,Squeaky Clean
46,Scootie's Cleaning
46,Grain Train
46,Carboload
47,Freezy Freeze
47,Elmer Inc
47,Atlantis Beverage
47,Squeaky Clean
47,ACME
47,Carboload
47,Deli Emporium
47,Clout Drinks
47,Classified Cosmetics
47,Fries Frozen Foods
47,Snack Me Up
47,Dairy Things
47,Scootie's Cleaning
47,Grain Train
47,Marty's Meds
48,Deli Emporium
48,Meat and Stuff
48,Doctor Bird's
48,Classified Cosmetics
48,Dairy Time
48,Marty's Meds
48,Dairy Things
48,Cover Up
48,Carboload
48,Snack Me Up
48,Fresh Stuff
48,Dole
48,Clout Drinks
48,Atlantis Beverage
48,Munchie Mash
48,Squeaky Clean
48,Scootie's Cleaning
48,Freezy Freeze
48,Elmer Inc
48,Grain Train
48,Fries Frozen Foods
48,ACME
49,Marty's Meds
49,Classified Cosmetics
49,Squeaky Clean
49,Atlantis Beverage
49,Fries Frozen Foods
49,Dairy Time
49,Doctor Bird's
49,Elmer Inc
49,ACME
49,Cover Up
49,Freezy Freeze
49,Meat and Stuff
49,Clout Drinks
49,Dairy Things
49,Deli Emporium
49,Grain Train
49,Fresh Stuff
49,Carboload
49,Scootie's Cleaning
49,Snack Me Up
49,Munchie Mash
49,Dole
50,Snack Me Up
50,Doctor Bird's
50,Atlantis Beverage
50,Cover Up
50,Classified Cosmetics
50,Squeaky Clean
50,Dairy Things
50,Deli Emporium
50,Elmer Inc
50,Munchie Mash
50,Carboload
50,Grain Train
50,Freezy Freeze
50,Meat and Stuff
50,Fries Frozen Foods
50,Scootie's Cleaning
50,ACME
50,Clout Drinks
50,Fresh Stuff
50,Dairy Time
51,Clout Drinks
51,Doctor Bird's
51,Dole
51,Grain Train
51,Scootie's Cleaning
51,Squeaky Clean
51,Dairy Time
51,Cover Up
51,Freezy Freeze
51,Elmer Inc
51,Snack Me Up
51,Fries Frozen Foods
51,Dairy Things
51,Meat and Stuff
51,Atlantis Beverage
51,Munchie Mash
51,Carboload
51,Classified Cosmetics
51,Marty's Meds
51,Deli Emporium
51,Fresh Stuff
51,ACME
52,Munchie Mash
52,Squeaky Clean
52,Deli Emporium
52,Meat and Stuff
52,Freezy Freeze
52,Dole
52,Classified Cosmetics
52,Dairy Things
52,Carboload
52,Marty's Meds
52,Atlantis Beverage
52,Snack Me Up
52,Dairy Time
52,Fresh Stuff
52,Fries Frozen Foods
52,Scootie's Cleaning
52,Cover Up
52,Grain Train
52,ACME
52,Doctor Bird's
53,Dairy Things
53,Grain Train
53,Dairy Time
53,Cover Up
53,Carboload
53,Fries Frozen Foods
53,Classified Cosmetics
53,Fresh Stuff
53,Atlantis Beverage
53,Deli Emporium
53,Snack Me Up
53,Doctor Bird's
53,Dole
53,Clout Drinks
53,Scootie's Cleaning
53,Munchie Mash
54,Deli Emporium
54,Clout Drinks
54,Carboload
54,Dole
54,Munchie Mash
54,Freezy Freeze
54,Meat and Stuff
54,Dairy Time
54,Snack Me Up
54,Fries Frozen Foods
54,Squeaky Clean
54,Scootie's Cleaning
54,ACME
54,Dairy Things
54,Marty's Meds
54,Doctor Bird's
55,Classified Cosmetics
55,Snack Me Up
55,Clout Drinks
55,Dole
55,Freezy Freeze
55,Meat and Stuff
55,Fresh Stuff
55,Fries Frozen Foods
55,Marty's Meds
55,Elmer Inc
55,Grain Train
55,Deli Emporium
55,Squeaky Clean
55,Scootie's Cleaning
55,Atlantis Beverage
55,Dairy Time
55,Carboload
55,ACME
55,Cover Up
55,Munchie Mash
55,Dairy Things
56,Grain Train
56,Cover Up
56,Meat and Stuff
56,Munchie Mash
56,Marty's Meds
56,Atlantis Beverage
56,Scootie's Cleaning
56,Doctor Bird's
56,Clout Drinks
56,Carboload
56,Dairy Time
56,ACME
56,Squeaky Clean
56,Deli Emporium
56,Dole
56,Elmer Inc
56,Freezy Freeze
56,Fresh Stuff
56,Snack Me Up
56,Fries Frozen Foods
56,Dairy Things
57,Munchie Mash
57,Scootie's Cleaning
57,Clout Drinks
57,Classified Cosmetics
57,Marty's Meds
57,Squeaky Clean
57,Freezy Freeze
57,Dairy Time
57,Fries Frozen Foods
57,Cover Up
57,Carboload
57,Fresh Stuff
57,Grain Train
57,Snack Me Up
57,Dairy Things
57,Meat and Stuff
57,Atlantis Beverage
57,Doctor Bird's
57,ACME
57,Deli Emporium
57,Dole
57,Elmer Inc
58,Doctor Bird's
58,Deli Emporium
58,Atlantis Beverage
58,Dairy Things
58,Carboload
58,ACME
58,Squeaky Clean
58,Grain Train
58,Fresh Stuff
58,Freezy Freeze
58,Dairy Time
58,Classified Cosmetics
58,Meat and Stuff
58,Snack Me Up
58,Fries Frozen Foods
58,Elmer Inc
58,Scootie's Cleaning
58,Cover Up
58,Dole
58,Munchie Mash
59,Doctor Bird's
59,Cover Up
59,Clout Drinks
59,ACME
59,Meat and Stuff
59,Freezy Freeze
59,Classified Cosmetics
59,Carboload
59,Dairy Things
59,Snack Me Up
59,Squeaky Clean
59,Elmer Inc
59,Fresh Stuff
59,Grain Train
59,Munchie Mash
59,Scootie's Cleaning
59,Deli Emporium
59,Dairy Time
59,Dole
60,Atlantis Beverage
60,Clout Drinks
60,Munchie Mash
60,Elmer Inc
60,Meat and Stuff
60,Classified Cosmetics
60,Fresh Stuff
60,Deli Emporium
60,Freezy Freeze
60,Carboload
60,Cover Up
60,Scootie's Cleaning
60,Grain Train
60,ACME
60,Squeaky Clean
60,Fries Frozen Foods
60,Doctor Bird's
60,Marty's Meds
60,Dairy Things
60,Dairy Time
60,Snack Me Up
61,Freezy Freeze
61,Dairy Things
61,Doctor Bird's
61,Meat and Stuff
61,Marty's Meds
61,Dole
61,Fries Frozen Foods
61,Munchie Mash
61,Carboload
61,Scootie's Cleaning
61,Grain Train
61,ACME
61,Squeaky Clean
61,Clout Drinks
61,Elmer Inc
61,Deli Emporium
61,Snack Me Up
61,Cover Up
61,Dairy Time
61,Fresh Stuff
61,Classified Cosmetics
62,Snack Me Up
62,Elmer Inc
62,Scootie's Cleaning
62,Dole
62,Marty's Meds
62,Doctor Bird's
62,Fries Frozen Foods
62,ACME
62,Cover Up
62,Atlantis Beverage
62,Squeaky Clean
62,Grain Train
62,Meat and Stuff
62,Dairy Things
62,Carboload
62,Fresh Stuff
62,Classified Cosmetics
62,Clout Drinks
62,Freezy Freeze
62,Deli Emporium
62,Munchie Mash
63,Dairy Things
63,ACME
63,Grain Train
63,Atlantis Beverage
63,Scootie's Cleaning
63,Deli Emporium
63,Dairy Time
63,Meat and Stuff
63,Clout Drinks
63,Fries Frozen Foods
63,Dole
63,Elmer Inc
63,Classified Cosmetics
63,Snack Me Up
63,Fresh Stuff
63,Freezy Freeze
63,Doctor Bird's
63,Munchie Mash
63,Cover Up
64,Dairy Time
64,ACME
64,Fresh Stuff
64,Munchie Mash
64,Squeaky Clean
64,Dole
64,Scootie's Cleaning
64,Doctor Bird's
64,Dairy Things
64,Snack Me Up
64,Clout Drinks
64,Meat and Stuff
64,Fries Frozen Foods
64,Cover Up
64,Freezy Freeze
64,Deli Emporium
65,Dole
65,Atlantis Beverage
65,Marty's Meds
65,ACME
65,Classified Cosmetics
65,Fresh Stuff
65,Dairy Time
65,Doctor Bird's
65,Dairy Things
65,Deli Emporium
65,Munchie Mash
65,Grain Train
65,Snack Me Up
65,Freezy Freeze
65,Meat and Stuff
65,Cover Up
65,Carboload
65,Fries Frozen Foods
65,Elmer Inc
65,Scootie's Cleaning
66,Atlantis Beverage
66,Dairy Time
66,Grain Train
66,Fries Frozen Foods
66,Clout Drinks
66,Snack Me Up
66,Deli Emporium
66,Meat and Stuff
66,Munchie Mash
66,Dairy Things
66,Scootie's Cleaning
66,Squeaky Clean
66,Cover Up
66,Dole
66,Freezy Freeze
66,Classified Cosmetics
66,ACME
66,Doctor Bird's
66,Elmer Inc
66,Fresh Stuff
66,Carboload
66,Marty's Meds
67,Cover Up
67,ACME
67,Dole
67,Elmer Inc
67,Fries Frozen Foods
67,Grain Train
67,Atlantis Beverage
67,Meat and Stuff
67,Clout Drinks
67,Snack Me Up
67,Carboload
67,Doctor Bird's
67,Marty's Meds
67,Scootie's Cleaning
67,Munchie Mash
68,Dole
68,Freezy Freeze
68,Dairy Time
68,Atlantis Beverage
68,Doctor Bird's
68,Snack Me Up
68,Fresh Stuff
68,Clout Drinks
68,Fries Frozen Foods
68,Squeaky Clean
68,Marty's Meds
68,Grain Train
68,ACME
68,Scootie's Cleaning
68,Classified Cosmetics
68,Dairy Things
68,Deli Emporium
68,Meat and Stuff
68,Munchie Mash
69,Deli Emporium
69,Grain Train
69,Carboload
69,Scootie's Cleaning
69,ACME
69,Squeaky Clean
69,Marty's Meds
69,Fresh Stuff
69,Atlantis Beverage
69,Classified Cosmetics
69,Fries Frozen Foods
69,Dole
69,Cover Up
69,Dairy Time
69,Elmer Inc
70,Deli Emporium
70,Snack Me Up
70,Dairy Things
70,Dairy Time
70,Marty's Meds
70,Doctor Bird's
70,Carboload
70,Cover Up
70,Squeaky Clean
70,Freezy Freeze
70,Classified Cosmetics
70,Elmer Inc
70,Munchie Mash
70,Atlantis Beverage
70,Fresh Stuff
70,ACME
70,Grain Train
71,Squeaky Clean
71,Atlantis Beverage
71,Grain Train
71,Fresh Stuff
71,Elmer Inc
71,Meat and Stuff
71,Munchie Mash
71,Scootie's Cleaning
71,Dole
71,Fries Frozen Foods
71,Freezy Freeze
71,Marty's Meds
71,Clout Drinks
71,Classified Cosmetics
71,Deli Emporium
71,Cover Up
71,Dairy Time
72,Classified Cosmetics
72,Grain Train
72,Dole
72,ACME
72,Atlantis Beverage
72,Freezy Freeze
72,Marty's Meds
72,Scootie's Cleaning
72,Elmer Inc
72,Snack Me Up
72,Dairy Time
72,Cover Up
72,Munchie Mash
72,Fries Frozen Foods
72,Dairy Things
72,Meat and Stuff
72,Doctor Bird's
72,Fresh Stuff
72,Carboload
72,Squeaky Clean
73,Doctor Bird's
73,Snack Me Up
73,Meat and Stuff
73,Dairy Things
73,Fresh Stuff
73,Squeaky Clean
73,Elmer Inc
73,Carboload
73,Grain Train
73,ACME
73,Dairy Time
73,Cover Up
73,Munchie Mash
73,Freezy Freeze
73,Clout Drinks
73,Dole
73,Classified Cosmetics
73,Marty's Meds
73,Scootie's Cleaning
74,Squeaky Clean
74,Clout Drinks
74,Fresh Stuff
74,Dole
74,ACME
74,Atlantis Beverage
74,Meat and Stuff
74,Carboload
74,Munchie Mash
74,Classified Cosmetics
74,Marty's Meds
74,Grain Train
74,Dairy Time
74,Freezy Freeze
74,Doctor Bird's
75,Dole
75,Grain Train
75,Carboload
75,Doctor Bird's
75,Deli Emporium
75,Dairy Things
75,Munchie Mash
75,Scootie's Cleaning
75,ACME
75,Cover Up
75,Squeaky Clean
75,Elmer Inc
75,Marty's Meds
75,Fresh Stuff
75,Dairy Time
75,Snack Me Up
76,Grain Train
76,Fresh Stuff
76,Elmer Inc
76,Classified Cosmetics
76,Deli Emporium
76,ACME
76,Carboload
76,Munchie Mash
76,Snack Me Up
76,Squeaky Clean
76,Scootie's Cleaning
76,Atlantis Beverage
76,Dairy Time
76,Marty's Meds
76,Freezy Freeze
76,Dole
76,Dairy Things
76,Cover Up
76,Fries Frozen Foods
77,Fresh Stuff
77,Marty's Meds
77,Munchie Mash
77,Grain Train
77,Clout Drinks
77,Dole
77,Carboload
77,Fries Frozen Foods
77,Doctor Bird's
77,Dairy Things
77,Scootie's Cleaning
77,Meat and Stuff
77,Freezy Freeze
77,Dairy Time
77,Snack Me Up
77,Elmer Inc
77,Atlantis Beverage
77,ACME
77,Deli Emporium
77,Classified Cosmetics
77,Squeaky Clean
77,Cover Up
78,Dole
78,Fresh Stuff
78,Scootie's Cleaning
78,Classified Cosmetics
78,Deli Emporium
78,Munchie Mash
78,Snack Me Up
78,Cover Up
78,Doctor Bird's
78,Carboload
78,ACME
78,Dairy Time
78,Squeaky Clean
78,Marty's Meds
78,Meat and Stuff
79,Squeaky Clean
79,Grain Train
79,Meat and Stuff
79,Scootie's Cleaning
79,Freezy Freeze
79,Atlantis Beverage
79,Doctor Bird's
79,Deli Emporium
79,Snack Me Up
79,ACME
79,Cover Up
79,Elmer Inc
79,Marty's Meds
79,Fresh Stuff
79,Fries Frozen Foods
79,Classified Cosmetics
79,Dairy Time
79,Dole
80,Snack Me Up
80,Scootie's Cleaning
80,Atlantis Beverage
80,Meat and Stuff
80,ACME
80,Cover Up
80,Freezy Freeze
80,Squeaky Clean
80,Clout Drinks
80,Munchie Mash
80,Fresh Stuff
80,Dole
80,Elmer Inc
80,Grain Train
80,Deli Emporium
80,Fries Frozen Foods
80,Marty's Meds
80,Dairy Time
80,Dairy Things
80,Carboload
80,Doctor Bird's
80,Classified Cosmetics
81,Elmer Inc
81,Scootie's Cleaning
81,Dole
81,Meat and Stuff
81,Fries Frozen Foods
81,Freezy Freeze
81,Deli Emporium
81,Classified Cosmetics
81,Clout Drinks
81,Snack Me Up
81,Marty's Meds
81,Cover Up
81,Doctor Bird's
81,Grain Train
81,Carboload
81,Squeaky Clean
82,Elmer Inc
82,Carboload
82,Freezy Freeze
82,Dairy Things
82,Fries Frozen Foods
82,Snack Me Up
82,Meat and Stuff
82,Deli Emporium
82,Marty's Meds
82,ACME
82,Squeaky Clean
82,Classified Cosmetics
82,Scootie's Cleaning
82,Doctor Bird's
82,Dairy Time
82,Clout Drinks
82,Munchie Mash
82,Cover Up
82,Dole
82,Atlantis Beverage
82,Fresh Stuff
82,Grain Train
83,Marty's Meds
83,Grain Train
83,ACME
83,Clout Drinks
83,Munchie Mash
83,Cover Up
83,Atlantis Beverage
83,Carboload
83,Deli Emporium
83,Classified Cosmetics
83,Elmer Inc
83,Snack Me Up
83,Dairy Things
83,Freezy Freeze
83,Fries Frozen Foods
83,Squeaky Clean
83,Doctor Bird's
83,Meat and Stuff
83,Fresh Stuff
83,Scootie's Cleaning
83,Dole
83,Dairy Time
84,Snack Me Up
84,Dole
84,Carboload
84,ACME
84,Grain Train
84,Squeaky Clean
84,Marty's Meds
84,Freezy Freeze
84,Fresh Stuff
84,Atlantis Beverage
84,Elmer Inc
84,Dairy Time
84,Deli Emporium
84,Fries Frozen Foods
84,Meat and Stuff
85,Dairy Time
85,Dole
85,Fries Frozen Foods
85,Dairy Things
85,Squeaky Clean
85,Fresh Stuff
85,Cover Up
85,Elmer Inc
85,Doctor Bird's
85,Scootie's Cleaning
85,Meat and Stuff
85,Classified Cosmetics
85,Freezy Freeze
85,ACME
85,Atlantis Beverage
85,Carboload
85,Grain Train
85,Snack Me Up
85,Clout Drinks
86,Dairy Things
86,Deli Emporium
86,Elmer Inc
86,Clout Drinks
86,Doctor Bird's
86,Dairy Time
86,Grain Train
86,Dole
86,Classified Cosmetics
86,Scootie's Cleaning
86,Meat and Stuff
86,Cover Up
86,Atlantis Beverage
86,Marty's Meds
86,Fries Frozen Foods
86,Snack Me Up
87,ACME
87,Fries Frozen Foods
87,Dairy Things
87,Doctor Bird's
87,Elmer Inc
87,Squeaky Clean
87,Grain Train
87,Snack Me Up
87,Dole
87,Fresh Stuff
87,Cover Up
87,Deli Emporium
87,Classified Cosmetics
87,Dairy Time
87,Scootie's Cleaning
87,Carboload
87,Clout Drinks
87,Atlantis Beverage
87,Marty's Meds
87,Munchie Mash
88,Meat and Stuff
88,Clout Drinks
88,Dairy Time
88,Snack Me Up
88,Cover Up
88,Grain Train
88,Classified Cosmetics
88,Scootie's Cleaning
88,Squeaky Clean
88,Dole
88,Dairy Things
88,Freezy Freeze
88,Munchie Mash
88,Carboload
88,ACME
88,Marty's Meds
88,Elmer Inc
88,Fries Frozen Foods
89,ACME
89,Classified Cosmetics
89,Dairy Time
89,Atlantis Beverage
89,Clout Drinks
89,Grain Train
89,Dole
89,Carboload
89,Cover Up
89,Marty's Meds
89,Elmer Inc
89,Doctor Bird's
89,Squeaky Clean
89,Fries Frozen Foods
89,Meat and Stuff
89,Munchie Mash
89,Freezy Freeze
89,Scootie's Cleaning
89,Snack Me Up
89,Deli Emporium
89,Fresh Stuff
90,Carboload
90,Meat and Stuff
90,Elmer Inc
90,Fries Frozen Foods
90,Freezy Freeze
90,Scootie's Cleaning
90,Classified Cosmetics
90,ACME
90,Marty's Meds
90,Deli Emporium
90,Fresh Stuff
90,Dairy Things
90,Squeaky Clean
90,Atlantis Beverage
90,Dole
90,Doctor Bird's
90,Munchie Mash
90,Clout Drinks
90,Grain Train
90,Snack Me Up
90,Dairy Time
91,ACME
91,Doctor Bird's
91,Classified Cosmetics
91,Deli Emporium
91,Scootie's Cleaning
91,Carboload
91,Munchie Mash
91,Dairy Time
91,Clout Drinks
91,Atlantis Beverage
91,Squeaky Clean
91,Elmer Inc
91,Fresh Stuff
91,Marty's Meds
91,Freezy Freeze
91,Cover Up
91,Meat and Stuff
91,Grain Train
91,Snack Me Up
91,Dairy Things
91,Fries Frozen Foods
91,Dole
92,ACME
92,Dairy Things
92,Fries Frozen Foods
92,Clout Drinks
92,Scootie's Cleaning
92,Dairy Time
92,Grain Train
92,Squeaky Clean
92,Marty's Meds
92,Elmer Inc
92,Fresh Stuff
92,Freezy Freeze
92,Doctor Bird's
92,Snack Me Up
92,Classified Cosmetics
92,Cover Up
92,Meat and Stuff
92,Dole
92,Munchie Mash
92,Carboload
93,Clout Drinks
93,Fries Frozen Foods
93,Fresh Stuff
93,Deli Emporium
93,Marty's Meds
93,Munchie Mash
93,ACME
93,Atlantis Beverage
93,Cover Up
93,Scootie's Cleaning
93,Elmer Inc
93,Snack Me Up
93,Freezy Freeze
93,Meat and Stuff
93,Squeaky Clean
94,Deli Emporium
94,Doctor Bird's
94,Dairy Time
94,ACME
94,Squeaky Clean
94,Fresh Stuff
94,Marty's Meds
94,Scootie's Cleaning
94,Carboload
94,Grain Train
94,Munchie Mash
94,Dairy Things
94,Dole
94,Snack Me Up
94,Atlantis Beverage
94,Freezy Freeze
94,Elmer Inc
95,Grain Train
95,Dairy Things
95,Clout Drinks
95,Marty's Meds
95,Atlantis Beverage
95,Fresh Stuff
95,Squeaky Clean
95,Deli Emporium
95,Freezy Freeze
95,Snack Me Up
95,Munchie Mash
95,Dairy Time
95,Meat and Stuff
95,Dole
95,Fries Frozen Foods
95,Cover Up
95,Scootie's Cleaning
95,Carboload
95,ACME
95,Classified Cosmetics
95,Elmer Inc
96,Munchie Mash
96,Doctor Bird's
96,Squeaky Clean
96,Fresh Stuff
96,Clout Drinks
96,Dairy Time
96,Atlantis Beverage
96,Grain Train
96,Dole
96,Deli Emporium
96,ACME
96,Freezy Freeze
96,Elmer Inc
96,Classified Cosmetics
96,Dairy Things
96,Meat and Stuff
96,Snack Me Up
96,Scootie's Cleaning
96,Marty's Meds
97,Scootie's Cleaning
97,ACME
97,Fresh Stuff
97,Freezy Freeze
97,Doctor Bird's
97,Clout Drinks
97,Atlantis Beverage
97,Dole
97,Meat and Stuff
97,Dairy Things
97,Cover Up
97,Munchie Mash
97,Grain Train
97,Carboload
97,Fries Frozen Foods
97,Dairy Time
97,Deli Emporium
97,Snack Me Up
98,Freezy Freeze
98,Grain Train
98,Deli Emporium
98,Snack Me Up
98,Fresh Stuff
98,Dairy Things
98,Fries Frozen Foods
98,Marty's Meds
98,ACME
98,Scootie's Cleaning
98,Clout Drinks
98,Doctor Bird's
98,Elmer Inc
98,Carboload
98,Dairy Time
98,Dole
98,Atlantis Beverage
98,Squeaky Clean
98,Classified Cosmetics
99,Elmer Inc
99,Deli Emporium
99,Fries Frozen Foods
99,Dairy Time
99,Dole
99,ACME
99,Dairy Things
99,Classified Cosmetics
99,Freezy Freeze
99,Snack Me Up
99,Fresh Stuff
99,Grain Train
99,Meat and Stuff
99,Marty's Meds
99,Clout Drinks
100,Carboload
100,Dairy Things
100,Fries Frozen Foods
100,Squeaky Clean
100,Marty's Meds
100,Elmer Inc
100,Meat and Stuff
100,Doctor Bird's
100,Scootie's Cleaning
100,Freezy Freeze
100,Snack Me Up
100,Munchie Mash
100,Deli Emporium
100,Dole
100,Dairy Time
100,Grain Train
100,Clout Drinks
100,ACME
100,Cover Up
100,Atlantis Beverage
100,Classified Cosmetics
100,Fresh Stuff
101,Munchie Mash
101,Meat and Stuff
101,Clout Drinks
101,Squeaky Clean
101,Doctor Bird's
101,Deli Emporium
101,Carboload
101,Dairy Things
101,Elmer Inc
101,Snack Me Up
101,Marty's Meds
101,Scootie's Cleaning
101,Fresh Stuff
101,Fries Frozen Foods
101,Dairy Time
102,Scootie's Cleaning
102,Squeaky Clean
102,Elmer Inc
102,Classified Cosmetics
102,Dairy Time
102,Fries Frozen Foods
102,Clout Drinks
102,Carboload
102,Munchie Mash
102,Cover Up
102,Freezy Freeze
102,Dole
102,Fresh Stuff
102,Meat and Stuff
102,Grain Train
102,Dairy Things
102,Doctor Bird's
102,Deli Emporium
102,Snack Me Up
103,Squeaky Clean
103,Clout Drinks
103,Scootie's Cleaning
103,Deli Emporium
103,Dairy Time
103,Carboload
103,Munchie Mash
103,Classified Cosmetics
103,Dole
103,Marty's Meds
103,Fresh Stuff
103,Fries Frozen Foods
103,Grain Train
103,Cover Up
103,Meat and Stuff
103,Elmer Inc
103,Dairy Things
103,ACME
104,Deli Emporium
104,Meat and Stuff
104,Dairy Time
104,Squeaky Clean
104,Freezy Freeze
104,Fries Frozen Foods
104,Elmer Inc
104,Carboload
104,ACME
104,Dole
104,Atlantis Beverage
104,Snack Me Up
104,Grain Train
104,Doctor Bird's
104,Classified Cosmetics
104,Dairy Things
104,Marty's Meds
104,Cover Up
104,Clout Drinks
104,Scootie's Cleaning
104,Fresh Stuff
104,Munchie Mash
105,Dole
105,Atlantis Beverage
105,Elmer Inc
105,ACME
105,Dairy Things
105,Classified Cosmetics
105,Dairy Time
105,Scootie's Cleaning
105,Doctor Bird's
105,Fresh Stuff
105,Grain Train
105,Munchie Mash
105,Carboload
105,Clout Drinks
105,Freezy Freeze
106,Clout Drinks
106,Atlantis Beverage
106,Dairy Things
106,Elmer Inc
106,Classified Cosmetics
106,ACME
106,Doctor Bird's
106,Freezy Freeze
106,Deli Emporium
106,Grain Train
106,Munchie Mash
106,Scootie's Cleaning
106,Dole
106,Fries Frozen Foods
106,Squeaky Clean
106,Carboload
106,Dairy Time
106,Cover Up
106,Fresh Stuff
107,Fries Frozen Foods
107,Marty's Meds
107,Squeaky Clean
107,Grain Train
107,Scootie's Cleaning
107,Carboload
107,Elmer Inc
107,Snack Me Up
107,Deli Emporium
107,Atlantis Beverage
107,Cover Up
107,Clout Drinks
107,Dairy Time
107,Dairy Things
107,Dole
107,Freezy Freeze
108,Freezy Freeze
108,Dole
108,Scootie's Cleaning
108,Munchie Mash
108,Fresh Stuff
108,Grain Train
108,Classified Cosmetics
108,Elmer Inc
108,Marty's Meds
108,Cover Up
108,Snack Me Up
108,Meat and Stuff
108,Carboload
108,Atlantis Beverage
108,Clout Drinks
108,ACME
108,Deli Emporium
109,Scootie's Cleaning
109,Freezy Freeze
109,Classified Cosmetics
109,Deli Emporium
109,Grain Train
109,Carboload
109,Fries Frozen Foods
109,Snack Me Up
109,Cover Up
109,ACME
109,Munchie Mash
109,Dole
109,Doctor Bird's
109,Marty's Meds
109,Dairy Time
109,Elmer Inc
109,Squeaky Clean
110,Atlantis Beverage
110,Scootie's Cleaning
110,Classified Cosmetics
110,ACME
110,Freezy Freeze
110,Squeaky Clean
110,Grain Train
110,Carboload
110,Snack Me Up
110,Marty's Meds
110,Dairy Things
110,Fries Frozen Foods
110,Dairy Time
110,Dole
110,Clout Drinks
111,Freezy Freeze
111,Cover Up
111,Doctor Bird's
111,Atlantis Beverage
111,Classified Cosmetics
111,Fries Frozen Foods
111,Marty's Meds
111,Meat and Stuff
111,Elmer Inc
111,Dole
111,Scootie's Cleaning
111,Munchie Mash
111,Clout Drinks
111,Dairy Things
111,Carboload
111,ACME
111,Squeaky Clean
112,Doctor Bird's
112,Scootie's Cleaning
112,Munchie Mash
112,Classified Cosmetics
112,Fries Frozen Foods
112,Deli Emporium
112,Dole
112,Dairy Time
112,Dairy Things
112,Clout Drinks
112,Marty's Meds
112,Grain Train
112,Freezy Freeze
112,ACME
112,Squeaky Clean
112,Cover Up
112,Elmer Inc
112,Atlantis Beverage
113,Snack Me Up
113,Dairy Time
113,Fresh Stuff
113,Classified Cosmetics
113,Freezy Freeze
113,Dairy Things
113,Doctor Bird's
113,Deli Emporium
113,Dole
113,Carboload
113,Meat and Stuff
113,Squeaky Clean
113,Fries Frozen Foods
113,Marty's Meds
113,Elmer Inc
113,Munchie Mash
113,Scootie's Cleaning
113,Clout Drinks
114,Fresh Stuff
114,Dairy Time
114,Classified Cosmetics
114,Atlantis Beverage
114,Elmer Inc
114,Scootie's Cleaning
114,Clout Drinks
114,Snack Me Up
114,Grain Train
114,Marty's Meds
114,Doctor Bird's
114,Squeaky Clean
114,Fries Frozen Foods
114,Meat and Stuff
114,Carboload
114,Dole
114,ACME
114,Deli Emporium
114,Freezy Freeze
115,Dole
115,Classified Cosmetics
115,Clout Drinks
115,Fries Frozen Foods
115,ACME
115,Atlantis Beverage
115,Doctor Bird's
115,Cover Up
115,Marty's Meds
115,Snack Me Up
115,Carboload
115,Meat and Stuff
115,Dairy Time
115,Deli Emporium
115,Grain Train
115,Scootie's Cleaning
115,Fresh Stuff
116,Deli Emporium
116,Doctor Bird's
116,Atlantis Beverage
116,Elmer Inc
116,Marty's Meds
116,Grain Train
116,Carboload
116,Clout Drinks
116,Cover Up
116,Scootie's Cleaning
116,Dairy Things
116,Classified Cosmetics
116,Squeaky Clean
116,Fries Frozen Foods
116,ACME
117,Freezy Freeze
117,Elmer Inc
117,Classified Cosmetics
117,Meat and Stuff
117,Carboload
117,Doctor Bird's
117,Deli Emporium
117,Dairy Things
117,Dole
117,ACME
117,Dairy Time
117,Atlantis Beverage
117,Squeaky Clean
117,Fresh Stuff
117,Marty's Meds
117,Scootie's Cleaning
117,Munchie Mash
117,Snack Me Up
117,Grain Train
117,Clout Drinks
118,Freezy Freeze
118,Squeaky Clean
118,Meat and Stuff
118,Snack Me Up
118,Fresh Stuff
118,Deli Emporium
118,Grain Train
118,Dairy Time
118,Dole
118,Fries Frozen Foods
118,Clout Drinks
118,Dairy Things
118,Atlantis Beverage
118,Scootie's Cleaning
118,ACME
118,Marty's Meds
118,Classified Cosmetics
119,Atlantis Beverage
119,Clout Drinks
119,Snack Me Up
119,Dole
119,Deli Emporium
119,Classified Cosmetics
119,Fresh Stuff
119,Munchie Mash
119,Grain Train
119,Meat and Stuff
119,Squeaky Clean
119,Dairy Time
119,Fries Frozen Foods
119,Cover Up
119,Elmer Inc
119,Freezy Freeze
119,Scootie's Cleaning
119,Dairy Things
119,Carboload
119,Marty's Meds
119,ACME
119,Doctor Bird's
120,ACME
120,Dole
120,Fresh Stuff
120,Scootie's Cleaning
120,Elmer Inc
120,Atlantis Beverage
120,Marty's Meds
120,Deli Emporium
120,Dairy Time
120,Classified Cosmetics
120,Clout Drinks
120,Munchie Mash
120,Squeaky Clean
120,Meat and Stuff
120,Fries Frozen Foods
120,Freezy Freeze
120,Doctor Bird's
120,Carboload
120,Grain Train
120,Cover Up
120,Snack Me Up
121,Snack Me Up
121,Dairy Time
121,Dairy Things
121,Munchie Mash
121,Fresh Stuff
121,Deli Emporium
121,Meat and Stuff
121,Clout Drinks
121,Marty's Meds
121,Atlantis Beverage
121,Doctor Bird's
121,Elmer Inc
121,Carboload
121,ACME
121,Fries Frozen Foods
121,Cover Up
121,Squeaky Clean
121,Scootie's Cleaning
122,Dairy Time
122,Elmer Inc
122,Clout Drinks
122,Dairy Things
122,Snack Me Up
122,Deli Emporium
122,Fries Frozen Foods
122,Classified Cosmetics
122,Grain Train
122,Meat and Stuff
122,Dole
122,Atlantis Beverage
122,Cover Up
122,Freezy Freeze
122,Squeaky Clean
122,ACME
122,Carboload
122,Marty's Meds
122,Munchie Mash
122,Scootie's Cleaning
123,Fries Frozen Foods
123,Marty's Meds
123,Clout Drinks
123,Dole
123,Squeaky Clean
123,Deli Emporium
123,Cover Up
123,Meat and Stuff
123,Carboload
123,Doctor Bird's
123,Classified Cosmetics
123,Snack Me Up
123,Munchie Mash
123,Grain Train
123,Elmer Inc
123,Fresh Stuff
123,Scootie's Cleaning
123,Dairy Time
123,ACME
123,Dairy Things
123,Atlantis Beverage
123,Freezy Freeze
124,Dairy Time
124,Fries Frozen Foods
124,Deli Emporium
124,Doctor Bird's
124,Elmer Inc
124,Classified Cosmetics
124,Dole
124,Atlantis Beverage
124,Munchie Mash
124,Meat and Stuff
124,Dairy Things
124,Marty's Meds
124,Carboload
124,Grain Train
124,Snack Me Up
124,Squeaky Clean
124,Scootie's Cleaning
124,Cover Up
124,Fresh Stuff
125,Fresh Stuff
125,ACME
125,Classified Cosmetics
125,Atlantis Beverage
125,Deli Emporium
125,Squeaky Clean
125,Meat and Stuff
125,Snack Me Up
125,Dairy Things
125,Freezy Freeze
125,Doctor Bird's
125,Marty's Meds
125,Dole
125,Carboload
125,Cover Up
125,Scootie's Cleaning
126,ACME
126,Freezy Freeze
126,Fresh Stuff
126,Doctor Bird's
126,Deli Emporium
126,Squeaky Clean
126,Classified Cosmetics
126,Scootie's Cleaning
126,Clout Drinks
126,Marty's Meds
126,Fries Frozen Foods
126,Dole
126,Meat and Stuff
126,Cover Up
126,Dairy Things
126,Snack Me Up
127,Doctor Bird's
127,Elmer Inc
127,ACME
127,Dairy Time
127,Marty's Meds
127,Atlantis Beverage
127,Squeaky Clean
127,Fresh Stuff
127,Fries Frozen Foods
127,Dairy Things
127,Carboload
127,Deli Emporium
127,Clout Drinks
127,Freezy Freeze
127,Meat and Stuff
127,Snack Me Up
127,Grain Train
127,Scootie's Cleaning
127,Dole
127,Cover Up
127,Classified Cosmetics
128,Squeaky Clean
128,Cover Up
128,Carboload
128,Classified Cosmetics
128,Marty's Meds
128,Deli Emporium
128,Dairy Time
128,Fresh Stuff
128,Elmer Inc
128,Snack Me Up
128,Meat and Stuff
128,Scootie's Cleaning
128,Doctor Bird's
128,Grain Train
128,Dairy Things
128,Freezy Freeze
128,ACME
128,Clout Drinks
128,Munchie Mash
128,Atlantis Beverage
128,Fries Frozen Foods
128,Dole
129,Snack Me Up
129,Fries Frozen Foods
129,Dole
129,Classified Cosmetics
129,Fresh Stuff
129,Dairy Time
129,Squeaky Clean
129,Atlantis Beverage
129,Scootie's Cleaning
129,Marty's Meds
129,Deli Emporium
129,Doctor Bird's
129,Munchie Mash
129,Clout Drinks
129,Meat and Stuff
129,Cover Up
129,Elmer Inc
129,Freezy Freeze
130,Dairy Things
130,Munchie Mash
130,Fresh Stuff
130,ACME
130,Dole
130,Carboload
130,Deli Emporium
130,Clout Drinks
130,Squeaky Clean
130,Atlantis Beverage
130,Grain Train
130,Scootie's Cleaning
130,Meat and Stuff
130,Marty's Meds
130,Fries Frozen Foods
130,Classified Cosmetics
130,Snack Me Up
131,ACME
131,Carboload
131,Dairy Time
131,Elmer Inc
131,Scootie's Cleaning
131,Meat and Stuff
131,Marty's Meds
131,Doctor Bird's
131,Clout Drinks
131,Grain Train
131,Atlantis Beverage
131,Freezy Freeze
131,Munchie Mash
131,Classified Cosmetics
131,Dairy Things
131,Fries Frozen Foods
131,Fresh Stuff
132,Meat and Stuff
132,Carboload
132,Doctor Bird's
132,Atlantis Beverage
132,Freezy Freeze
132,Squeaky Clean
132,Dairy Things
132,Snack Me Up
132,Grain Train
132,Classified Cosmetics
132,Deli Emporium
132,ACME
132,Fresh Stuff
132,Clout Drinks
132,Elmer Inc
132,Dairy Time
132,Scootie's Cleaning
132,Marty's Meds
132,Dole
132,Munchie Mash
132,Fries Frozen Foods
133,Munchie Mash
133,Snack Me Up
133,Fresh Stuff
133,Doctor Bird's
133,Carboload
133,Dairy Time
133,Cover Up
133,Clout Drinks
133,Dairy Things
133,Elmer Inc
133,ACME
133,Scootie's Cleaning
133,Classified Cosmetics
133,Marty's Meds
133,Fries Frozen Foods
133,Dole
133,Grain Train
133,Deli Emporium
133,Squeaky Clean
133,Meat and Stuff
134,Dole
134,Scootie's Cleaning
134,Grain Train
134,Dairy Things
134,Carboload
134,Deli Emporium
134,Munchie Mash
134,Cover Up
134,Fresh Stuff
134,ACME
134,Elmer Inc
134,Meat and Stuff
134,Atlantis Beverage
134,Clout Drinks
134,Doctor Bird's
134,Marty's Meds
134,Snack Me Up
134,Fries Frozen Foods
134,Classified Cosmetics
134,Dairy Time
134,Freezy Freeze
134,Squeaky Clean
135,Dairy Time
135,ACME
135,Doctor Bird's
135,Squeaky Clean
135,Freezy Freeze
135,Munchie Mash
135,Clout Drinks
135,Fries Frozen Foods
135,Cover Up
135,Carboload
135,Elmer Inc
135,Scootie's Cleaning
135,Dairy Things
135,Deli Emporium
135,Atlantis Beverage
135,Fresh Stuff
135,Dole
135,Classified Cosmetics
135,Snack Me Up
135,Meat and Stuff
135,Marty's Meds
136,Freezy Freeze
136,Squeaky Clean
136,Dole
136,Fresh Stuff
136,Deli Emporium
136,Meat and Stuff
136,Marty's Meds
136,Dairy Things
136,Carboload
136,Snack Me Up
136,Grain Train
136,Dairy Time
136,Munchie Mash
136,Cover Up
136,Fries Frozen Foods
136,Atlantis Beverage
136,Doctor Bird's
136,Scootie's Cleaning
136,Elmer Inc
136,Clout Drinks
137,Cover Up
137,Squeaky Clean
137,Carboload
137,Classified Cosmetics
137,Elmer Inc
137,Fresh Stuff
137,Scootie's Cleaning
137,Clout Drinks
137,Dole
137,Marty's Meds
137,Doctor Bird's
137,Fries Frozen Foods
137,Munchie Mash
137,Freezy Freeze
137,ACME
137,Grain Train
137,Snack Me Up
138,ACME
138,Elmer Inc
138,Grain Train
138,Clout Drinks
138,Dairy Time
138,Carboload
138,Marty's Meds
138,Deli Emporium
138,Cover Up
138,Dairy Things
138,Munchie Mash
138,Atlantis Beverage
138,Dole
138,Meat and Stuff
138,Scootie's Cleaning
138,Squeaky Clean
138,Doctor Bird's
138,Freezy Freeze
138,Classified Cosmetics
138,Fresh Stuff
138,Snack Me Up
139,Deli Emporium
139,Cover Up
139,Snack Me Up
139,Meat and Stuff
139,Grain Train
139,Doctor Bird's
139,Carboload
139,Classified Cosmetics
139,Munchie Mash
139,Dairy Things
139,Freezy Freeze
139,Dairy Time
139,Scootie's Cleaning
139,Atlantis Beverage
139,ACME
139,Clout Drinks
139,Fries Frozen Foods
139,Squeaky Clean
139,Fresh Stuff
140,Scootie's Cleaning
140,Fresh Stuff
140,Deli Emporium
140,Classified Cosmetics
140,Snack Me Up
140,Dairy Things
140,Dole
140,Doctor Bird's
140,Atlantis Beverage
140,Elmer Inc
140,Carboload
140,Freezy Freeze
140,Marty's Meds
140,Meat and Stuff
140,Squeaky Clean
140,Munchie Mash
140,Fries Frozen Foods
140,Cover Up
140,Grain Train
140,Dairy Time
140,Clout Drinks
141,Snack Me Up
141,Deli Emporium
141,Cover Up
141,ACME
141,Clout Drinks
141,Grain Train
141,Munchie Mash
141,Fresh Stuff
141,Dole
141,Freezy Freeze
141,Atlantis Beverage
141,Classified Cosmetics
141,Meat and Stuff
141,Doctor Bird's
141,Dairy Time
142,Freezy Freeze
142,Cover Up
142,Deli Emporium
142,Scootie's Cleaning
142,Doctor Bird's
142,Elmer Inc
142,Dairy Things
142,Meat and Stuff
142,Clout Drinks
142,Classified Cosmetics
142,Grain Train
142,Dole
142,Marty's Meds
142,Atlantis Beverage
142,Fries Frozen Foods
142,Dairy Time
142,Fresh Stuff
142,Snack Me Up
142,Carboload
143,ACME
143,Cover Up
143,Deli Emporium
143,Scootie's Cleaning
143,Meat and Stuff
143,Dairy Things
143,Doctor Bird's
143,Carboload
143,Classified Cosmetics
143,Fries Frozen Foods
143,Grain Train
143,Elmer Inc
143,Squeaky Clean
143,Atlantis Beverage
143,Marty's Meds
143,Fresh Stuff
143,Dairy Time
144,Dole
144,Fries Frozen Foods
144,Squeaky Clean
144,Cover Up
144,Deli Emporium
144,ACME
144,Freezy Freeze
144,Munchie Mash
144,Classified Cosmetics
144,Doctor Bird's
144,Fresh Stuff
144,Elmer Inc
144,Atlantis Beverage
144,Snack Me Up
144,Marty's Meds
144,Scootie's Cleaning
144,Clout Drinks
145,Squeaky Clean
145,Clout Drinks
145,Elmer Inc
145,Atlantis Beverage
145,Marty's Meds
145,Grain Train
145,Freezy Freeze
145,Fries Frozen Foods
145,Scootie's Cleaning
145,Deli Emporium
145,Dole
145,Fresh Stuff
145,Meat and Stuff
145,Munchie Mash
145,Snack Me Up
146,Doctor Bird's
146,Atlantis Beverage
146,Fries Frozen Foods
146,Clout Drinks
146,ACME
146,Snack Me Up
146,Cover Up
146,Marty's Meds
146,Dole
146,Dairy Things
146,Freezy Freeze
146,Squeaky Clean
146,Dairy Time
146,Deli Emporium
146,Munchie Mash
146,Fresh Stuff
146,Meat and Stuff
146,Classified Cosmetics
146,Grain Train
146,Scootie's Cleaning
147,Cover Up
147,Scootie's Cleaning
147,Elmer Inc
147,ACME
147,Deli Emporium
147,Dole
147,Atlantis Beverage
147,Carboload
147,Dairy Things
147,Squeaky Clean
147,Doctor Bird's
147,Marty's Meds
147,Freezy Freeze
147,Grain Train
147,Fries Frozen Foods
147,Meat and Stuff
147,Classified Cosmetics
147,Fresh Stuff
147,Clout Drinks
148,Scootie's Cleaning
148,Munchie Mash
148,Carboload
148,Clout Drinks
148,Freezy Freeze
148,Atlantis Beverage
148,Elmer Inc
148,Meat and Stuff
148,ACME
148,Classified Cosmetics
148,Fries Frozen Foods
148,Grain Train
148,Dairy Time
148,Fresh Stuff
148,Doctor Bird's
148,Marty's Meds
148,Cover Up
148,Squeaky Clean
149,Dairy Things
149,Dairy Time
149,Doctor Bird's
149,Classified Cosmetics
149,Clout Drinks
149,Dole
149,Meat and Stuff
149,Fries Frozen Foods
149,Cover Up
149,Elmer Inc
149,Carboload
149,Grain Train
149,Squeaky Clean
149,Marty's Meds
149,Freezy Freeze
149,Snack Me Up
149,Atlantis Beverage
149,Fresh Stuff
149,Deli Emporium
149,Scootie's Cleaning
149,ACME
149,Munchie Mash
150,Dole
150,Atlantis Beverage
150,Scootie's Cleaning
150,Marty's Meds
150,Cover Up
150,ACME
150,Dairy Things
150,Dairy Time
150,Elmer Inc
150,Deli Emporium
150,Grain Train
150,Freezy Freeze
150,Snack Me Up
150,Fresh Stuff
150,Classified Cosmetics
150,Meat and Stuff
151,Carboload
151,Cover Up
151,Scootie's Cleaning
151,Fries Frozen Foods
151,Grain Train
151,ACME
151,Doctor Bird's
151,Marty's Meds
151,Atlantis Beverage
151,Deli Emporium
151,Meat and Stuff
151,Dole
151,Dairy Time
151,Munchie Mash
151,Fresh Stuff
151,Snack Me Up
151,Squeaky Clean
151,Elmer Inc
151,Classified Cosmetics
152,Munchie Mash
152,Grain Train
152,Fries Frozen Foods
152,Snack Me Up
152,Doctor Bird's
152,Classified Cosmetics
152,Deli Emporium
152,Freezy Freeze
152,Dairy Things
152,Clout Drinks
152,Dairy Time
152,Meat and Stuff
152,Squeaky Clean
152,Cover Up
152,Elmer Inc
152,Scootie's Cleaning
152,Fresh Stuff
153,Dole
153,Elmer Inc
153,Scootie's Cleaning
153,Meat and Stuff
153,Grain Train
153,Classified Cosmetics
153,Fries Frozen Foods
153,ACME
153,Carboload
153,Munchie Mash
153,Dairy Time
153,Squeaky Clean
153,Snack Me Up
153,Clout Drinks
153,Deli Emporium
153,Freezy Freeze
153,Dairy Things
153,Cover Up
153,Marty's Meds
153,Fresh Stuff
153,Atlantis Beverage
153,Doctor Bird's
154,Snack Me Up
154,Elmer Inc
154,Classified Cosmetics
154,Cover Up
154,Grain Train
154,Scootie's Cleaning
154,Dairy Time
154,Fresh Stuff
154,Atlantis Beverage
154,Dole
154,Marty's Meds
154,Deli Emporium
154,ACME
154,Squeaky Clean
154,Clout Drinks
154,Freezy Freeze
155,Clout Drinks
155,Munchie Mash
155,Marty's Meds
155,Fries Frozen Foods
155,Deli Emporium
155,Dairy Time
155,Classified Cosmetics
155,Scootie's Cleaning
155,Grain Train
155,Dole
155,Snack Me Up
155,Atlantis Beverage
155,Doctor Bird's
155,Meat and Stuff
155,ACME
155,Squeaky Clean
155,Freezy Freeze
155,Fresh Stuff
156,Dairy Time
156,Squeaky Clean
156,Carboload
156,Munchie Mash
156,Clout Drinks
156,Doctor Bird's
156,Snack Me Up
156,Meat and Stuff
156,ACME
156,Fries Frozen Foods
156,Fresh Stuff
156,Scootie's Cleaning
156,Dole
156,Dairy Things
156,Atlantis Beverage
156,Grain Train
156,Classified Cosmetics
156,Marty's Meds
157,Freezy Freeze
157,Elmer Inc
157,ACME
157,Munchie Mash
157,Marty's Meds
157,Scootie's Cleaning
157,Squeaky Clean
157,Dairy Time
157,Meat and Stuff
157,Clout Drinks
157,Atlantis Beverage
157,Fries Frozen Foods
157,Deli Emporium
157,Cover Up
157,Fresh Stuff
157,Snack Me Up
157,Carboload
157,Doctor Bird's
157,Dole
157,Classified Cosmetics
158,Grain Train
158,Deli Emporium
158,Classified Cosmetics
158,Dairy Time
158,Scootie's Cleaning
158,ACME
158,Doctor Bird's
158,Clout Drinks
158,Carboload
158,Cover Up
158,Dole
158,Dairy Things
158,Marty's Meds
158,Squeaky Clean
158,Atlantis Beverage
158,Elmer Inc
158,Munchie Mash
158,Fresh Stuff
158,Meat and Stuff
158,Fries Frozen Foods
158,Snack Me Up
159,ACME
159,Deli Emporium
159,Fresh Stuff
159,Dole
159,Clout Drinks
159,Doctor Bird's
159,Squeaky Clean
159,Elmer Inc
159,Cover Up
159,Dairy Time
159,Fries Frozen Foods
159,Scootie's Cleaning
159,Classified Cosmetics
159,Snack Me Up
159,Carboload
159,Dairy Things
159,Meat and Stuff
160,Clout Drinks
160,Fries Frozen Foods
160,Doctor Bird's
160,Deli Emporium
160,Scootie's Cleaning
160,Squeaky Clean
160,Freezy Freeze
160,Elmer Inc
160,Fresh Stuff
160,Carboload
160,Marty's Meds
160,Classified Cosmetics
160,Cover Up
160,Dairy Time
160,Dole
160,Dairy Things
160,Meat and Stuff
160,Snack Me Up
160,ACME
160,Atlantis Beverage
161,Fries Frozen Foods
161,Carboload
161,Snack Me Up
161,Clout Drinks
161,Squeaky Clean
161,Meat and Stuff
161,Doctor Bird's
161,Fresh Stuff
161,Deli Emporium
161,Grain Train
161,Classified Cosmetics
161,Munchie Mash
161,Scootie's Cleaning
161,Freezy Freeze
161,ACME
161,Marty's Meds
162,Scootie's Cleaning
162,Cover Up
162,Freezy Freeze
162,Dole
162,Munchie Mash
162,Atlantis Beverage
162,Marty's Meds
162,Classified Cosmetics
162,Clout Drinks
162,Snack Me Up
162,Grain Train
162,Squeaky Clean
162,Fresh Stuff
162,Doctor Bird's
162,ACME
162,Dairy Time
162,Fries Frozen Foods
162,Dairy Things
162,Deli Emporium
162,Meat and Stuff
162,Elmer Inc
163,Dole
163,Freezy Freeze
163,Fresh Stuff
163,Dairy Things
163,Snack Me Up
163,Carboload
163,Munchie Mash
163,Marty's Meds
163,Dairy Time
163,Elmer Inc
163,Doctor Bird's
163,Grain Train
163,Meat and Stuff
163,Clout Drinks
163,Classified Cosmetics
163,ACME
163,Scootie's Cleaning
163,Fries Frozen Foods
163,Squeaky Clean
163,Deli Emporium
164,Cover Up
164,Squeaky Clean
164,Scootie's Cleaning
164,Carboload
164,Dole
164,Atlantis Beverage
164,Dairy Things
164,Fresh Stuff
164,Meat and Stuff
164,Fries Frozen Foods
164,Clout Drinks
164,Dairy Time
164,Marty's Meds
164,Snack Me Up
164,Deli Emporium
164,Freezy Freeze
164,Munchie Mash
164,Grain Train
164,Classified Cosmetics
164,Elmer Inc
164,Doctor Bird's
164,ACME
165,Meat and Stuff
165,Grain Train
165,Marty's Meds
165,Squeaky Clean
165,Dairy Time
165,ACME
165,Elmer Inc
165,Munchie Mash
165,Clout Drinks
165,Fresh Stuff
165,Atlantis Beverage
165,Carboload
165,Classified Cosmetics
165,Dole
165,Snack Me Up
165,Deli Emporium
166,Doctor Bird's
166,Carboload
166,Dairy Things
166,ACME
166,Dole
166,Freezy Freeze
166,Clout Drinks
166,Squeaky Clean
166,Marty's Meds
166,Fresh Stuff
166,Dairy Time
166,Elmer Inc
166,Deli Emporium
166,Classified Cosmetics
166,Snack Me Up
166,Cover Up
167,Dairy Time
167,Grain Train
167,Carboload
167,Freezy Freeze
167,Scootie's Cleaning
167,Marty's Meds
167,Meat and Stuff
167,Dairy Things
167,Cover Up
167,Squeaky Clean
167,Dole
167,Doctor Bird's
167,Fries Frozen Foods
167,Atlantis Beverage
167,Snack Me Up
167,Munchie Mash
167,Classified Cosmetics
167,Clout Drinks
167,Fresh Stuff
167,Elmer Inc
168,Dairy Things
168,Fresh Stuff
168,ACME
168,Atlantis Beverage
168,Dairy Time
168,Clout Drinks
168,Carboload
168,Deli Emporium
168,Dole
168,Cover Up
168,Marty's Meds
168,Elmer Inc
168,Meat and Stuff
168,Snack Me Up
168,Munchie Mash
169,Fries Frozen Foods
169,Scootie's Cleaning
169,Grain Train
169,Deli Emporium
169,Cover Up
169,Snack Me Up
169,Dole
169,Marty's Meds
169,Doctor Bird's
169,Atlantis Beverage
169,ACME
169,Fresh Stuff
169,Munchie Mash
169,Clout Drinks
169,Dairy Time
169,Dairy Things
169,Elmer Inc
169,Carboload
169,Freezy Freeze
170,Marty's Meds
170,Elmer Inc
170,Freezy Freeze
170,Deli Emporium
170,Doctor Bird's
170,Fries Frozen Foods
170,Munchie Mash
170,ACME
170,Dole
170,Cover Up
170,Fresh Stuff
170,Clout Drinks
170,Squeaky Clean
170,Dairy Things
170,Classified Cosmetics
170,Atlantis Beverage
170,Scootie's Cleaning
170,Dairy Time
171,Atlantis Beverage
171,Carboload
171,Classified Cosmetics
171,Clout Drinks
171,Freezy Freeze
171,Cover Up
171,Snack Me Up
171,Dairy Things
171,Squeaky Clean
171,Dole
171,ACME
171,Fries Frozen Foods
171,Elmer Inc
171,Meat and Stuff
171,Doctor Bird's
172,Dole
172,Freezy Freeze
172,Meat and Stuff
172,Squeaky Clean
172,Clout Drinks
172,Atlantis Beverage
172,Deli Emporium
172,Fries Frozen Foods
172,Doctor Bird's
172,Munchie Mash
172,Elmer Inc
172,Fresh Stuff
172,Snack Me Up
172,Carboload
172,Dairy Time
172,Grain Train
172,Cover Up
172,Marty's Meds
172,Dairy Things
172,Scootie's Cleaning
173,Clout Drinks
173,Cover Up
173,Atlantis Beverage
173,Dole
173,ACME
173,Snack Me Up
173,Fries Frozen Foods
173,Elmer Inc
173,Squeaky Clean
173,Carboload
173,Munchie Mash
173,Doctor Bird's
173,Fresh Stuff
173,Dairy Time
173,Classified Cosmetics
173,Grain Train
173,Scootie's Cleaning
173,Dairy Things
173,Deli Emporium
173,Meat and Stuff
174,Clout Drinks
174,Squeaky Clean
174,Snack Me Up
174,Dairy Things
174,Elmer Inc
174,Classified Cosmetics
174,Fries Frozen Foods
174,Grain Train
174,Scootie's Cleaning
174,Cover Up
174,Munchie Mash
174,ACME
174,Fresh Stuff
174,Atlantis Beverage
174,Dole
174,Meat and Stuff
174,Doctor Bird's
174,Marty's Meds
174,Deli Emporium
175,Dairy Time
175,Classified Cosmetics
175,Grain Train
175,Scootie's Cleaning
175,Doctor Bird's
175,Fresh Stuff
175,Clout Drinks
175,Munchie Mash
175,Dole
175,Marty's Meds
175,Dairy Things
175,Deli Emporium
175,Meat and Stuff
175,Squeaky Clean
175,Fries Frozen Foods
175,Freezy Freeze
175,Elmer Inc
175,Snack Me Up
175,Atlantis Beverage
175,Cover Up
175,ACME
176,Classified Cosmetics
176,Carboload
176,Cover Up
176,Atlantis Beverage
176,Marty's Meds
176,Snack Me Up
176,Dairy Time
176,Meat and Stuff
176,Munchie Mash
176,Freezy Freeze
176,Elmer Inc
176,Grain Train
176,Squeaky Clean
176,Dole
176,ACME
176,Doctor Bird's
177,Marty's Meds
177,Munchie Mash
177,Atlantis Beverage
177,Meat and Stuff
177,Fries Frozen Foods
177,Squeaky Clean
177,Cover Up
177,Deli Emporium
177,Dole
177,Freezy Freeze
177,Elmer Inc
177,Carboload
177,ACME
177,Scootie's Cleaning
177,Grain Train
178,Meat and Stuff
178,Classified Cosmetics
178,Elmer Inc
178,Fries Frozen Foods
178,Grain Train
178,Clout Drinks
178,Snack Me Up
178,Dairy Things
178,ACME
178,Squeaky Clean
178,Cover Up
178,Carboload
178,Dole
178,Atlantis Beverage
178,Dairy Time
179,Dairy Time
179,Carboload
179,Classified Cosmetics
179,Fresh Stuff
179,Dairy Things
179,Munchie Mash
179,Fries Frozen Foods
179,Marty's Meds
179,Deli Emporium
179,Cover Up
179,ACME
179,Atlantis Beverage
179,Meat and Stuff
179,Elmer Inc
179,Scootie's Cleaning
179,Clout Drinks
179,Dole
179,Doctor Bird's
179,Freezy Freeze
179,Snack Me Up
179,Grain Train
180,Munchie Mash
180,Deli Emporium
180,Snack Me Up
180,Marty's Meds
180,Doctor Bird's
180,Scootie's Cleaning
180,Classified Cosmetics
180,Grain Train
180,Dairy Time
180,Carboload
180,Meat and Stuff
180,Fries Frozen Foods
180,Atlantis Beverage
180,Freezy Freeze
180,Elmer Inc
180,Dole
180,Clout Drinks
180,ACME
180,Cover Up
181,Squeaky Clean
181,Dairy Things
181,Elmer Inc
181,ACME
181,Fries Frozen Foods
181,Grain Train
181,Meat and Stuff
181,Clout Drinks
181,Snack Me Up
181,Fresh Stuff
181,Scootie's Cleaning
181,Dole
181,Deli Emporium
181,Freezy Freeze
181,Marty's Meds
181,Classified Cosmetics
181,Cover Up
181,Atlantis Beverage
181,Dairy Time
181,Doctor Bird's
182,Classified Cosmetics
182,Squeaky Clean
182,Atlantis Beverage
182,Scootie's Cleaning
182,Elmer Inc
182,Munchie Mash
182,Dole
182,Meat and Stuff
182,Doctor Bird's
182,Dairy Things
182,Grain Train
182,Freezy Freeze
182,Snack Me Up
182,Deli Emporium
182,Marty's Meds
182,Dairy Time
182,Carboload
183,Dairy Time
183,Atlantis Beverage
183,Elmer Inc
183,Snack Me Up
183,Dairy Things
183,Dole
183,Munchie Mash
183,Classified Cosmetics
183,Cover Up
183,Marty's Meds
183,Fries Frozen Foods
183,Carboload
183,Deli Emporium
183,ACME
183,Fresh Stuff
183,Scootie's Cleaning
183,Meat and Stuff
183,Doctor Bird's
183,Clout Drinks
183,Squeaky Clean
183,Freezy Freeze
183,Grain Train
184,Classified Cosmetics
184,Scootie's Cleaning
184,Clout Drinks
184,Grain Train
184,Fresh Stuff
184,Squeaky Clean
184,Fries Frozen Foods
184,Dairy Time
184,Elmer Inc
184,Cover Up
184,Dole
184,ACME
184,Meat and Stuff
184,Marty's Meds
184,Freezy Freeze
184,Doctor Bird's
184,Snack Me Up
184,Deli Emporium
184,Dairy Things
184,Atlantis Beverage
185,Doctor Bird's
185,Elmer Inc
185,Munchie Mash
185,Fries Frozen Foods
185,Snack Me Up
185,Cover Up
185,Carboload
185,Deli Emporium
185,Freezy Freeze
185,Meat and Stuff
185,Squeaky Clean
185,ACME
185,Grain Train
185,Marty's Meds
185,Atlantis Beverage
185,Dairy Things
185,Fresh Stuff
185,Clout Drinks
185,Dairy Time
185,Scootie's Cleaning
186,Grain Train
186,ACME
186,Elmer Inc
186,Meat and Stuff
186,Deli Emporium
186,Marty's Meds
186,Cover Up
186,Snack Me Up
186,Atlantis Beverage
186,Dairy Time
186,Scootie's Cleaning
186,Clout Drinks
186,Dairy Things
186,Classified Cosmetics
186,Doctor Bird's
186,Squeaky Clean
186,Fresh Stuff
186,Carboload
186,Freezy Freeze
187,Meat and Stuff
187,Atlantis Beverage
187,Squeaky Clean
187,Dole
187,Deli Emporium
187,Dairy Things
187,Marty's Meds
187,Scootie's Cleaning
187,Classified Cosmetics
187,Snack Me Up
187,Freezy Freeze
187,Clout Drinks
187,Elmer Inc
187,Doctor Bird's
187,Carboload
187,Fries Frozen Foods
187,Dairy Time
187,Cover Up
187,Grain Train
187,Fresh Stuff
187,Munchie Mash
187,ACME
188,Freezy Freeze
188,Dole
188,Meat and Stuff
188,Grain Train
188,Fresh Stuff
188,Squeaky Clean
188,Atlantis Beverage
188,ACME
188,Scootie's Cleaning
188,Doctor Bird's
188,Cover Up
188,Fries Frozen Foods
188,Deli Emporium
188,Snack Me Up
188,Dairy Things
188,Classified Cosmetics
188,Carboload
188,Elmer Inc
188,Marty's Meds
188,Clout Drinks
188,Munchie Mash
188,Dairy Time
189,Deli Emporium
189,Freezy Freeze
189,Fries Frozen Foods
189,Carboload
189,Doctor Bird's
189,Meat and Stuff
189,Fresh Stuff
189,Dairy Time
189,Grain Train
189,Dairy Things
189,Dole
189,Marty's Meds
189,ACME
189,Munchie Mash
189,Squeaky Clean
189,Snack Me Up
189,Atlantis Beverage
189,Elmer Inc
189,Scootie's Cleaning
189,Clout Drinks
189,Classified Cosmetics
189,Cover Up
190,Deli Emporium
190,Carboload
190,Classified Cosmetics
190,Clout Drinks
190,Doctor Bird's
190,Snack Me Up
190,Cover Up
190,Atlantis Beverage
190,Dairy Time
190,Munchie Mash
190,ACME
190,Fries Frozen Foods
190,Fresh Stuff
190,Meat and Stuff
190,Freezy Freeze
190,Marty's Meds
190,Dairy Things
190,Elmer Inc
190,Grain Train
190,Scootie's Cleaning
190,Dole
190,Squeaky Clean
191,Atlantis Beverage
191,Elmer Inc
191,Deli Emporium
191,Marty's Meds
191,Dole
191,Classified Cosmetics
191,Doctor Bird's
191,Squeaky Clean
191,Scootie's Cleaning
191,Dairy Time
191,Fresh Stuff
191,Meat and Stuff
191,Munchie Mash
191,Fries Frozen Foods
191,ACME
191,Clout Drinks
191,Carboload
191,Grain Train
191,Freezy Freeze
191,Snack Me Up
191,Cover Up
191,Dairy Things
192,Clout Drinks
192,Elmer Inc
192,Fries Frozen Foods
192,Deli Emporium
192,Dole
192,Classified Cosmetics
192,ACME
192,Freezy Freeze
192,Meat and Stuff
192,Atlantis Beverage
192,Munchie Mash
192,Squeaky Clean
192,Dairy Things
192,Dairy Time
192,Marty's Meds
192,Doctor Bird's
193,Atlantis Beverage
193,ACME
193,Munchie Mash
193,Freezy Freeze
193,Deli Emporium
193,Squeaky Clean
193,Scootie's Cleaning
193,Snack Me Up
193,Dole
193,Carboload
193,Grain Train
193,Clout Drinks
193,Dairy Things
193,Doctor Bird's
193,Fries Frozen Foods
193,Classified Cosmetics
193,Meat and Stuff
193,Fresh Stuff
193,Dairy Time
193,Marty's Meds
193,Elmer Inc
194,Meat and Stuff
194,Fries Frozen Foods
194,Cover Up
194,Elmer Inc
194,Grain Train
194,Classified Cosmetics
194,Squeaky Clean
194,Deli Emporium
194,Scootie's Cleaning
194,Clout Drinks
194,Munchie Mash
194,Doctor Bird's
194,Freezy Freeze
194,Snack Me Up
194,Atlantis Beverage
195,Doctor Bird's
195,Fresh Stuff
195,Scootie's Cleaning
195,Snack Me Up
195,Meat and Stuff
195,Atlantis Beverage
195,Munchie Mash
195,Dairy Time
195,Fries Frozen Foods
195,Grain Train
195,Dairy Things
195,Marty's Meds
195,Clout Drinks
195,Squeaky Clean
195,Classified Cosmetics
195,Dole
196,Fresh Stuff
196,Snack Me Up
196,Marty's Meds
196,ACME
196,Dairy Time
196,Classified Cosmetics
196,Freezy Freeze
196,Atlantis Beverage
196,Elmer Inc
196,Fries Frozen Foods
196,Munchie Mash
196,Squeaky Clean
196,Clout Drinks
196,Cover Up
196,Carboload
196,Meat and Stuff
196,Doctor Bird's
196,Dole
197,Classified Cosmetics
197,Squeaky Clean
197,Grain Train
197,Snack Me Up
197,Carboload
197,Deli Emporium
197,Atlantis Beverage
197,Freezy Freeze
197,ACME
197,Fries Frozen Foods
197,Scootie's Cleaning
197,Meat and Stuff
197,Elmer Inc
197,Munchie Mash
197,Dairy Time
197,Dole
197,Fresh Stuff
198,Squeaky Clean
198,Dairy Time
198,Doctor Bird's
198,Marty's Meds
198,Carboload
198,Munchie Mash
198,Grain Train
198,Fresh Stuff
198,Classified Cosmetics
198,Elmer Inc
198,Scootie's Cleaning
198,Deli Emporium
198,ACME
198,Meat and Stuff
198,Freezy Freeze
198,Clout Drinks
198,Snack Me Up
198,Atlantis Beverage
198,Fries Frozen Foods
198,Cover Up
198,Dairy Things
198,Dole
199,Dairy Time
199,Classified Cosmetics
199,Elmer Inc
199,Snack Me Up
199,Munchie Mash
199,Carboload
199,Clout Drinks
199,Scootie's Cleaning
199,Deli Emporium
199,Fresh Stuff
199,Fries Frozen Foods
199,Doctor Bird's
199,Grain Train
199,Cover Up
199,Dole
199,Atlantis Beverage
199,Dairy Things
199,Meat and Stuff
200,Clout Drinks
200,Elmer Inc
200,Dole
200,Grain Train
200,Scootie's Cleaning
200,Munchie Mash
200,Fries Frozen Foods
200,ACME
200,Atlantis Beverage
200,Squeaky Clean
200,Fresh Stuff
200,Deli Emporium
200,Doctor Bird's
200,Dairy Things
200,Snack Me Up
200,Classified Cosmetics
200,Carboload
200,Cover Up
200,Dairy Time
200,Meat and Stuff
201,Classified Cosmetics
201,Freezy Freeze
201,Squeaky Clean
201,Munchie Mash
201,Doctor Bird's
201,ACME
201,Carboload
201,Scootie's Cleaning
201,Dairy Time
201,Grain Train
201,Deli Emporium
201,Fries Frozen Foods
201,Snack Me Up
201,Dole
201,Fresh Stuff
201,Meat and Stuff
201,Atlantis Beverage
201,Marty's Meds
201,Dairy Things
201,Clout Drinks
201,Cover Up
202,Carboload
202,Elmer Inc
202,Dole
202,Dairy Time
202,Freezy Freeze
202,ACME
202,Squeaky Clean
202,Dairy Things
202,Scootie's Cleaning
202,Fries Frozen Foods
202,Munchie Mash
202,Fresh Stuff
202,Doctor Bird's
202,Atlantis Beverage
202,Cover Up
202,Classified Cosmetics
202,Snack Me Up
202,Deli Emporium
202,Grain Train
202,Marty's Meds
202,Clout Drinks
203,Fresh Stuff
203,Dairy Time
203,Fries Frozen Foods
203,ACME
203,Clout Drinks
203,Classified Cosmetics
203,Meat and Stuff
203,Dairy Things
203,Squeaky Clean
203,Grain Train
203,Elmer Inc
203,Carboload
203,Freezy Freeze
203,Snack Me Up
203,Atlantis Beverage
203,Marty's Meds
204,Munchie Mash
204,Squeaky Clean
204,Dairy Things
204,Dole
204,Cover Up
204,Dairy Time
204,Fries Frozen Foods
204,Fresh Stuff
204,Snack Me Up
204,Atlantis Beverage
204,Elmer Inc
204,Classified Cosmetics
204,Marty's Meds
204,Clout Drinks
204,Carboload
205,Scootie's Cleaning
205,Dole
205,Dairy Time
205,Freezy Freeze
205,Doctor Bird's
205,Fresh Stuff
205,Marty's Meds
205,Cover Up
205,Squeaky Clean
205,Grain Train
205,Elmer Inc
205,Atlantis Beverage
205,Munchie Mash
205,Deli Emporium
205,Clout Drinks
205,Carboload
205,Classified Cosmetics
205,ACME
205,Dairy Things
206,Munchie Mash
206,Snack Me Up
206,Grain Train
206,Dole
206,Freezy Freeze
206,Dairy Time
206,Fries Frozen Foods
206,Classified Cosmetics
206,Clout Drinks
206,Deli Emporium
206,Marty's Meds
206,Scootie's Cleaning
206,Cover Up
206,Carboload
206,Doctor Bird's
206,Squeaky Clean
206,Atlantis Beverage
207,Munchie Mash
207,Marty's Meds
207,Clout Drinks
207,Dairy Things
207,Classified Cosmetics
207,Scootie's Cleaning
207,Carboload
207,Elmer Inc
207,Dairy Time
207,Meat and Stuff
207,Fries Frozen Foods
207,Grain Train
207,ACME
207,Deli Emporium
207,Snack Me Up
207,Cover Up
207,Doctor Bird's
207,Atlantis Beverage
207,Freezy Freeze
208,Fries Frozen Foods
208,Dairy Things
208,Meat and Stuff
208,Doctor Bird's
208,Fresh Stuff
208,ACME
208,Snack Me Up
208,Marty's Meds
208,Grain Train
208,Munchie Mash
208,Carboload
208,Cover Up
208,Scootie's Cleaning
208,Classified Cosmetics
208,Squeaky Clean
209,Meat and Stuff
209,Grain Train
209,Classified Cosmetics
209,Carboload
209,Freezy Freeze
209,Atlantis Beverage
209,Munchie Mash
209,Dairy Things
209,Fresh Stuff
209,Dairy Time
209,Dole
209,Scootie's Cleaning
209,Marty's Meds
209,Clout Drinks
209,Doctor Bird's
209,Deli Emporium
209,ACME
209,Squeaky Clean
209,Elmer Inc
210,Freezy Freeze
210,Classified Cosmetics
210,Scootie's Cleaning
210,Doctor Bird's
210,ACME
210,Munchie Mash
210,Cover Up
210,Clout Drinks
210,Squeaky Clean
210,Dairy Time
210,Fresh Stuff
210,Atlantis Beverage
210,Snack Me Up
210,Elmer Inc
210,Carboload
210,Dairy Things
210,Marty's Meds
210,Meat and Stuff
211,Grain Train
211,Fries Frozen Foods
211,Meat and Stuff
211,Clout Drinks
211,Squeaky Clean
211,Doctor Bird's
211,Marty's Meds
211,Carboload
211,Cover Up
211,ACME
211,Elmer Inc
211,Dairy Things
211,Freezy Freeze
211,Deli Emporium
211,Classified Cosmetics
212,Atlantis Beverage
212,Classified Cosmetics
212,Fries Frozen Foods
212,Meat and Stuff
212,Doctor Bird's
212,ACME
212,Scootie's Cleaning
212,Dairy Time
212,Marty's Meds
212,Dole
212,Freezy Freeze
212,Deli Emporium
212,Cover Up
212,Grain Train
212,Fresh Stuff
212,Elmer Inc
212,Squeaky Clean
212,Dairy Things
212,Carboload
212,Snack Me Up
213,Elmer Inc
213,Clout Drinks
213,Grain Train
213,Deli Emporium
213,Dairy Things
213,Marty's Meds
213,Dole
213,Fresh Stuff
213,Fries Frozen Foods
213,Munchie Mash
213,ACME
213,Snack Me Up
213,Dairy Time
213,Scootie's Cleaning
213,Classified Cosmetics
213,Doctor Bird's
213,Carboload
213,Atlantis Beverage
214,Clout Drinks
214,Carboload
214,Snack Me Up
214,Dairy Things
214,Grain Train
214,Deli Emporium
214,Fresh Stuff
214,Classified Cosmetics
214,Squeaky Clean
214,ACME
214,Freezy Freeze
214,Meat and Stuff
214,Doctor Bird's
214,Dairy Time
214,Cover Up
214,Scootie's Cleaning
215,Freezy Freeze
215,Snack Me Up
215,Cover Up
215,Clout Drinks
215,Fries Frozen Foods
215,Fresh Stuff
215,Squeaky Clean
215,Scootie's Cleaning
215,Atlantis Beverage
215,Dairy Things
215,Meat and Stuff
215,Deli Emporium
215,Classified Cosmetics
215,Elmer Inc
215,Doctor Bird's
215,Dole
215,Munchie Mash
215,Marty's Meds
215,ACME
216,Freezy Freeze
216,Marty's Meds
216,Fresh Stuff
216,Fries Frozen Foods
216,Classified Cosmetics
216,Dairy Time
216,Munchie Mash
216,Snack Me Up
216,Meat and Stuff
216,Cover Up
216,Clout Drinks
216,Squeaky Clean
216,Deli Emporium
216,Scootie's Cleaning
216,Elmer Inc
216,Doctor Bird's
217,Cover Up
217,Dole
217,Fries Frozen Foods
217,Deli Emporium
217,Munchie Mash
217,Freezy Freeze
217,Marty's Meds
217,Squeaky Clean
217,Elmer Inc
217,Dairy Time
217,Dairy Things
217,Clout Drinks
217,Fresh Stuff
217,Doctor Bird's
217,Scootie's Cleaning
217,Atlantis Beverage
217,Snack Me Up
217,Grain Train
217,ACME
217,Classified Cosmetics
217,Meat and Stuff
217,Carboload
218,Doctor Bird's
218,Munchie Mash
218,Carboload
218,Elmer Inc
218,Cover Up
218,Grain Train
218,Squeaky Clean
218,Fries Frozen Foods
218,Snack Me Up
218,Dairy Time
218,Dairy Things
218,ACME
218,Freezy Freeze
218,Scootie's Cleaning
218,Meat and Stuff
218,Clout Drinks
219,Meat and Stuff
219,Carboload
219,Scootie's Cleaning
219,Fries Frozen Foods
219,Fresh Stuff
219,Dole
219,Elmer Inc
219,ACME
219,Classified Cosmetics
219,Grain Train
219,Munchie Mash
219,Snack Me Up
219,Dairy Things
219,Atlantis Beverage
219,Deli Emporium
219,Cover Up
220,Munchie Mash
220,Atlantis Beverage
220,Classified Cosmetics
220,Snack Me Up
220,Fries Frozen Foods
220,Doctor Bird's
220,Dairy Things
220,Cover Up
220,Elmer Inc
220,Dole
220,Fresh Stuff
220,Marty's Meds
220,Deli Emporium
220,Freezy Freeze
220,Dairy Time
220,Carboload
220,Meat and Stuff
221,Squeaky Clean
221,Elmer Inc
221,Atlantis Beverage
221,Meat and Stuff
221,Clout Drinks
221,Grain Train
221,Freezy Freeze
221,Deli Emporium
221,Snack Me Up
221,Carboload
221,Fries Frozen Foods
221,Dole
221,Cover Up
221,Marty's Meds
221,Scootie's Cleaning
222,Dairy Time
222,ACME
222,Clout Drinks
222,Scootie's Cleaning
222,Snack Me Up
222,Deli Emporium
222,Fresh Stuff
222,Dole
222,Atlantis Beverage
222,Classified Cosmetics
222,Squeaky Clean
222,Cover Up
222,Dairy Things
222,Grain Train
222,Doctor Bird's
223,Dole
223,Dairy Things
223,Squeaky Clean
223,Fresh Stuff
223,Grain Train
223,Munchie Mash
223,Elmer Inc
223,Fries Frozen Foods
223,Freezy Freeze
223,Carboload
223,Clout Drinks
223,Deli Emporium
223,Meat and Stuff
223,Classified Cosmetics
223,Atlantis Beverage
223,Snack Me Up
223,Dairy Time
223,Marty's Meds
224,ACME
224,Fresh Stuff
224,Doctor Bird's
224,Freezy Freeze
224,Classified Cosmetics
224,Clout Drinks
224,Marty's Meds
224,Scootie's Cleaning
224,Deli Emporium
224,Carboload
224,Elmer Inc
224,Dairy Things
224,Dairy Time
224,Munchie Mash
224,Snack Me Up
224,Squeaky Clean
224,Cover Up
224,Meat and Stuff
225,Carboload
225,Classified Cosmetics
225,Atlantis Beverage
225,Snack Me Up
225,Dole
225,Cover Up
225,Fries Frozen Foods
225,Freezy Freeze
225,Fresh Stuff
225,Squeaky Clean
225,Clout Drinks
225,Elmer Inc
225,Meat and Stuff
225,Dairy Things
225,Marty's Meds
226,Dairy Time
226,Dole
226,Freezy Freeze
226,Dairy Things
226,Deli Emporium
226,Atlantis Beverage
226,Grain Train
226,Squeaky Clean
226,Snack Me Up
226,Clout Drinks
226,ACME
226,Meat and Stuff
226,Scootie's Cleaning
226,Fries Frozen Foods
226,Elmer Inc
226,Munchie Mash
226,Carboload
226,Cover Up
226,Fresh Stuff
226,Marty's Meds
226,Classified Cosmetics
227,Doctor Bird's
227,Munchie Mash
227,Grain Train
227,Deli Emporium
227,Atlantis Beverage
227,Clout Drinks
227,ACME
227,Squeaky Clean
227,Dairy Things
227,Cover Up
227,Meat and Stuff
227,Fries Frozen Foods
227,Fresh Stuff
227,Freezy Freeze
227,Snack Me Up
227,Carboload
227,Dole
227,Marty's Meds
227,Elmer Inc
227,Dairy Time
228,Cover Up
228,Munchie Mash
228,Clout Drinks
228,Classified Cosmetics
228,Scootie's Cleaning
228,Dairy Things
228,Meat and Stuff
228,Freezy Freeze
228,Snack Me Up
228,Squeaky Clean
228,Deli Emporium
228,Marty's Meds
228,Dairy Time
228,Atlantis Beverage
228,Doctor Bird's
228,Carboload
229,Doctor Bird's
229,Munchie Mash
229,Meat and Stuff
229,Marty's Meds
229,Freezy Freeze
229,Cover Up
229,Fresh Stuff
229,Classified Cosmetics
229,Clout Drinks
229,Squeaky Clean
229,ACME
229,Dairy Time
229,Grain Train
229,Scootie's Cleaning
229,Fries Frozen Foods
230,Fries Frozen Foods
230,Atlantis Beverage
230,Fresh Stuff
230,Dairy Things
230,Meat and Stuff
230,Elmer Inc
230,Carboload
230,Grain Train
230,Snack Me Up
230,Cover Up
230,Dairy Time
230,Dole
230,Classified Cosmetics
230,Munchie Mash
230,Squeaky Clean
230,Freezy Freeze
230,ACME
230,Deli Emporium
230,Doctor Bird's
231,Carboload
231,Atlantis Beverage
231,Dole
231,Freezy Freeze
231,Doctor Bird's
231,Clout Drinks
231,Munchie Mash
231,Snack Me Up
231,Scootie's Cleaning
231,Marty's Meds
231,Classified Cosmetics
231,Fresh Stuff
231,Deli Emporium
231,Dairy Time
231,Meat and Stuff
231,Elmer Inc
231,Fries Frozen Foods
231,Squeaky Clean
231,Cover Up
231,Grain Train
231,ACME
232,Squeaky Clean
232,Dairy Time
232,Marty's Meds
232,Elmer Inc
232,Dole
232,Snack Me Up
232,Fries Frozen Foods
232,Cover Up
232,Dairy Things
232,Munchie Mash
232,Atlantis Beverage
232,Scootie's Cleaning
232,Fresh Stuff
232,Freezy Freeze
232,Grain Train
232,Deli Emporium
232,Clout Drinks
232,ACME
232,Carboload
232,Classified Cosmetics
233,Fries Frozen Foods
233,Scootie's Cleaning
233,Squeaky Clean
233,Deli Emporium
233,Munchie Mash
233,ACME
233,Dairy Things
233,Clout Drinks
233,Atlantis Beverage
233,Meat and Stuff
233,Cover Up
233,Marty's Meds
233,Fresh Stuff
233,Classified Cosmetics
233,Dairy Time
233,Grain Train
233,Elmer Inc
233,Dole
233,Doctor Bird's
233,Carboload
234,Classified Cosmetics
234,Dairy Things
234,Freezy Freeze
234,Scootie's Cleaning
234,Elmer Inc
234,Fresh Stuff
234,Clout Drinks
234,Cover Up
234,Munchie Mash
234,Grain Train
234,Dairy Time
234,Dole
234,Atlantis Beverage
234,Squeaky Clean
234,Doctor Bird's
234,Snack Me Up
234,Meat and Stuff
235,Freezy Freeze
235,Carboload
235,Squeaky Clean
235,Scootie's Cleaning
235,Munchie Mash
235,Grain Train
235,Atlantis Beverage
235,Deli Emporium
235,Fries Frozen Foods
235,Clout Drinks
235,Dairy Things
235,Fresh Stuff
235,Doctor Bird's
235,Cover Up
235,Dairy Time
236,Freezy Freeze
236,Dole
236,Deli Emporium
236,Squeaky Clean
236,Grain Train
236,Classified Cosmetics
236,Fresh Stuff
236,Atlantis Beverage
236,Munchie Mash
236,Meat and Stuff
236,Carboload
236,Fries Frozen Foods
236,Dairy Time
236,Elmer Inc
236,ACME
236,Clout Drinks
236,Cover Up
236,Dairy Things
236,Marty's Meds
236,Doctor Bird's
236,Scootie's Cleaning
236,Snack Me Up
237,Munchie Mash
237,Scootie's Cleaning
237,Atlantis Beverage
237,Doctor Bird's
237,Freezy Freeze
237,Meat and Stuff
237,Marty's Meds
237,ACME
237,Dairy Time
237,Fries Frozen Foods
237,Grain Train
237,Deli Emporium
237,Cover Up
237,Snack Me Up
237,Dairy Things
237,Classified Cosmetics
237,Squeaky Clean
237,Clout Drinks
237,Dole
237,Carboload
237,Elmer Inc
237,Fresh Stuff
238,Fries Frozen Foods
238,ACME
238,Dairy Time
238,Atlantis Beverage
238,Snack Me Up
238,Dole
238,Carboload
238,Freezy Freeze
238,Doctor Bird's
238,Grain Train
238,Fresh Stuff
238,Clout Drinks
238,Elmer Inc
238,Classified Cosmetics
238,Dairy Things
238,Scootie's Cleaning
238,Cover Up
238,Meat and Stuff
238,Marty's Meds
238,Munchie Mash
239,Grain Train
239,Dairy Things
239,Elmer Inc
239,Dairy Time
239,Dole
239,Carboload
239,Cover Up
239,Squeaky Clean
239,ACME
239,Munchie Mash
239,Freezy Freeze
239,Fresh Stuff
239,Meat and Stuff
239,Deli Emporium
239,Marty's Meds
239,Snack Me Up
240,Fries Frozen Foods
240,Munchie Mash
240,Atlantis Beverage
240,Carboload
240,Meat and Stuff
240,Dole
240,Snack Me Up
240,Fresh Stuff
240,Freezy Freeze
240,Marty's Meds
240,Classified Cosmetics
240,Doctor Bird's
240,Dairy Time
240,ACME
240,Deli Emporium
240,Clout Drinks
241,Doctor Bird's
241,Dairy Things
241,Carboload
241,Grain Train
241,ACME
241,Meat and Stuff
241,Classified Cosmetics
241,Freezy Freeze
241,Marty's Meds
241,Dole
241,Elmer Inc
241,Deli Emporium
241,Fresh Stuff
241,Fries Frozen Foods
241,Snack Me Up
241,Dairy Time
241,Atlantis Beverage
241,Cover Up
241,Scootie's Cleaning
242,Squeaky Clean
242,Elmer Inc
242,Meat and Stuff
242,Dole
242,Freezy Freeze
242,Snack Me Up
242,Clout Drinks
242,Atlantis Beverage
242,Fries Frozen Foods
242,Scootie's Cleaning
242,Fresh Stuff
242,Grain Train
242,Munchie Mash
242,Dairy Things
242,ACME
242,Carboload
242,Classified Cosmetics
242,Dairy Time
242,Deli Emporium
242,Cover Up
243,Elmer Inc
243,Freezy Freeze
243,Dairy Things
243,Squeaky Clean
243,Cover Up
243,Dole
243,Carboload
243,Munchie Mash
243,Dairy Time
243,Marty's Meds
243,Atlantis Beverage
243,Scootie's Cleaning
243,Fries Frozen Foods
243,Snack Me Up
243,Doctor Bird's
243,ACME
243,Classified Cosmetics
243,Deli Emporium
244,Doctor Bird's
244,Freezy Freeze
244,Elmer Inc
244,Snack Me Up
244,Marty's Meds
244,Dole
244,Classified Cosmetics
244,Dairy Things
244,Dairy Time
244,Grain Train
244,Squeaky Clean
244,Fries Frozen Foods
244,Clout Drinks
244,Carboload
244,Fresh Stuff
244,Meat and Stuff
245,Scootie's Cleaning
245,Munchie Mash
245,Carboload
245,ACME
245,Dairy Time
245,Fresh Stuff
245,Deli Emporium
245,Meat and Stuff
245,Doctor Bird's
245,Fries Frozen Foods
245,Atlantis Beverage
245,Clout Drinks
245,Cover Up
245,Squeaky Clean
245,Marty's Meds
245,Snack Me Up
245,Dole
246,Atlantis Beverage
246,Meat and Stuff
246,Doctor Bird's
246,Fries Frozen Foods
246,Marty's Meds
246,Freezy Freeze
246,Elmer Inc
246,Grain Train
246,Classified Cosmetics
246,Fresh Stuff
246,Clout Drinks
246,Cover Up
246,Scootie's Cleaning
246,Squeaky Clean
246,ACME
246,Snack Me Up
247,Clout Drinks
247,Classified Cosmetics
247,Elmer Inc
247,Marty's Meds
247,Atlantis Beverage
247,Dole
247,Carboload
247,Dairy Things
247,Dairy Time
247,Freezy Freeze
247,Cover Up
247,Scootie's Cleaning
247,Fries Frozen Foods
247,Deli Emporium
247,Snack Me Up
247,Grain Train
247,Squeaky Clean
247,Fresh Stuff
247,ACME
247,Meat and Stuff
247,Doctor Bird's
247,Munchie Mash
248,Snack Me Up
248,Freezy Freeze
248,Squeaky Clean
248,Munchie Mash
248,Dairy Things
248,Grain Train
248,Carboload
248,Fries Frozen Foods
248,Dairy Time
248,Clout Drinks
248,Dole
248,Classified Cosmetics
248,Scootie's Cleaning
248,Fresh Stuff
248,Deli Emporium
249,Dole
249,Clout Drinks
249,Deli Emporium
249,Carboload
249,Fresh Stuff
249,Dairy Time
249,Munchie Mash
249,Fries Frozen Foods
249,Atlantis Beverage
249,Grain Train
249,ACME
249,Meat and Stuff
249,Snack Me Up
249,Scootie's Cleaning
249,Doctor Bird's
249,Elmer Inc
250,Clout Drinks
250,Dole
250,Deli Emporium
250,Cover Up
250,Carboload
250,Grain Train
250,Dairy Things
250,Classified Cosmetics
250,Elmer Inc
250,Doctor Bird's
250,ACME
250,Fries Frozen Foods
250,Snack Me Up
250,Dairy Time
250,Scootie's Cleaning
250,Marty's Meds
250,Atlantis Beverage
